facture_id,date_facture,client_id,montant_total,ville,mode_paiement
VTE3YEXL,2022-01-01,CLT9CC0T,0,Douala,Inconnu
VTEI0LXD,2022-01-01,CLTM1SND,10000,Douala,Inconnu
VTEAL6VW,2022-01-01,CLT64T3M,2000,Douala,Inconnu
VTE7VFM0,2022-01-01,CLTHF8DW,6000,Douala,Inconnu
VTE1NNJY,2022-01-01,CLTL25D5,10000,Douala,Inconnu
VTEQAGVC,2022-01-01,CLTUMHYT,0,Douala,Inconnu
VTEZBJSF,2022-01-01,CLTDBACI,0,Douala,Inconnu
VTEWBYC2,2022-01-01,CLT35X3S,0,Douala,Inconnu
VTEF1WUS,2022-01-01,CLT86KS5,0,Douala,Inconnu
VTEU2F5K,2022-01-01,CLTJKXUQ,0,Douala,Inconnu
VTENKKFY,2022-01-01,CLTYTB02,35000,Douala,Inconnu
VTE1XC0D,2022-01-01,CLT5JMDE,0,Douala,Inconnu
VTE60SGX,2022-01-01,CLTW2R8X,17000,Douala,Inconnu
VTEM9FFJ,2022-01-01,CLTX9MOB,0,Douala,Inconnu
VTE2SO16,2022-01-01,CLT1WG12,12000,Douala,Inconnu
VTESLB1P,2022-01-01,CLTISSO8,12700,Douala,Inconnu
VTEGA0JB,2022-01-01,CLTISSO8,11700,Douala,Inconnu
VTEDQGYC,2022-01-01,CLTUMHYT,43200,Douala,Inconnu
VTEUHNV4,2022-01-01,CLTUMHYT,55300,Douala,Inconnu
VTE8WJBU,2022-01-01,CLT3B4UC,11550,Douala,Inconnu
VTE1XE2N,2022-01-01,CLT3B4UC,8000,Douala,Inconnu
VTESS1DI,2022-01-01,CLTX9MOB,20450,Douala,Inconnu
VTERQORX,2022-01-01,CLT1CG0V,0,Douala,Inconnu
VTEOALKJ,2022-01-01,CLTJZ30Q,12400,Douala,Inconnu
VTEEYCHV,2022-01-01,CLTBEEYW,0,Douala,Inconnu
VTEYLS4S,2022-01-01,CLTSB5R3,13450,Douala,Inconnu
VTEXPH9W,2022-01-01,CLTPV9C6,0,Douala,Inconnu
VTE1EIRN,2022-01-01,CLT8WMJW,12900,Douala,Inconnu
VTEC9JL5,2022-01-01,CLT6WVUZ,26700,Douala,Inconnu
VTE9QK2K,2022-01-01,CLTH1HFW,26700,Douala,Inconnu
VTE8NK97,2022-01-01,CLTE2AV5,10650,Douala,Inconnu
VTEYVKSM,2022-01-01,CLTE2AV5,39600,Douala,Inconnu
VTEP4EML,2022-01-01,CLT4XTM6,52200,Douala,Inconnu
VTES19A2,2022-01-01,CLTHHHBA,18950,Douala,Inconnu
VTELSTMS,2022-01-01,CLTHHHBA,8400,Douala,Inconnu
VTELMX5C,2022-01-01,CLTQ5GPE,45400,Douala,Inconnu
VTE6GNAX,2022-01-01,CLTKZC2Q,0,Douala,Inconnu
VTEOQ92M,2022-01-01,CLTS3I3F,54800,Douala,Inconnu
VTEJROM2,2022-01-01,CLTNCHHJ,38800,Douala,Inconnu
VTE7AIEX,2022-01-01,CLTNCHHJ,26250,Douala,Inconnu
VTER5GX8,2022-01-01,CLT4QCAZ,24600,Douala,Inconnu
VTETOAAS,2022-01-01,CLT78E28,95600,Douala,Inconnu
VTEALH5E,2022-01-01,CLT96BM9,241900,Douala,Inconnu
VTEAAT28,2022-01-01,CLTJ3EH4,111000,Douala,Inconnu
VTEYSF97,2022-01-01,CLT6ABDG,95950,Douala,Inconnu
VTECA966,2022-01-01,CLT87AGP,26900,Douala,Inconnu
VTED2NLQ,2022-01-01,CLT9GW6X,69150,Douala,Inconnu
VTEGVTKR,2022-01-01,CLTUMTSQ,49250,Douala,Inconnu
VTEZD0Y4,2022-01-01,CLTMQTUG,42850,Douala,Inconnu
VTEIKCSI,2022-01-01,CLTFYQTU,140000,Douala,Inconnu
VTEA727U,2022-01-01,CLTMQTUG,40350,Douala,Inconnu
VTEROP3F,2022-01-01,CLTZ7MQ6,33600,Douala,Inconnu
VTEZHM96,2022-01-01,CLTJ3EH4,111000,Douala,Inconnu
VTEDW2F4,2022-01-01,CLTRLIO2,143000,Douala,Inconnu
VTENY2S9,2022-01-01,CLT2ABOC,48600,Douala,Inconnu
VTESYJ9O,2022-01-01,CLTFYQTU,52500,Douala,Inconnu
VTEEOXVF,2022-01-01,CLTNBDZ4,120000,Douala,Inconnu
VTEXCIQI,2022-01-01,CLTXLNMS,11400,Douala,Inconnu
VTE14Q6Z,2022-01-01,CLTC5PNN,45000,Douala,Inconnu
VTE6M3EN,2022-01-01,CLTZ3TUL,25500,Douala,Inconnu
VTE0TW9Q,2022-01-01,CLT3OGDY,47250,Douala,Inconnu
VTEOTBTG,2022-01-01,CLTK8D5J,34200,Douala,Inconnu
VTE721C5,2022-01-01,CLTUPX8T,35500,Douala,Inconnu
VTEAUAI7,2022-01-01,CLTWXFCG,72600,Douala,Inconnu
VTEBS0WI,2022-01-01,CLT91HOX,43350,Douala,Inconnu
VTEWS8P4,2022-01-01,CLT7RK0F,53650,Douala,Inconnu
VTEAIZRR,2022-01-01,CLTPBAQ0,66650,Douala,Inconnu
VTEUIJEC,2022-01-01,CLTGL5TP,11300,Douala,Inconnu
VTE26HOJ,2022-01-01,CLTPDU4V,37850,Douala,Inconnu
VTE63OW0,2022-01-01,CLT0PPC8,61450,Douala,Inconnu
VTEES45M,2022-01-01,CLTMQTUG,20600,Douala,Inconnu
VTEGL5BS,2022-01-01,CLTS8X7N,37700,Douala,Inconnu
VTE70WZ8,2022-01-01,CLTMXQ6X,0,Douala,Inconnu
VTEZCJOL,2022-01-01,CLTK5RV3,35000,Douala,Inconnu
VTEWIRZA,2022-01-01,CLTASHFT,141050,Douala,Inconnu
VTESLM1Q,2022-01-01,CLTRZ8RB,45500,Douala,Inconnu
VTE50YKW,2022-01-01,CLTVY64C,40950,Douala,Inconnu
VTEHKR3C,2022-01-01,CLTEPY6Y,27800,Douala,Inconnu
VTEMWL38,2022-01-01,CLTMC3PG,58450,Douala,Inconnu
VTE7XN7Y,2022-01-01,CLT8ZZSZ,13650,Douala,Inconnu
VTEXLQAR,2022-01-01,CLTN6Y2R,49250,Douala,Inconnu
VTES61E2,2022-01-01,CLTXLNMS,7800,Douala,Inconnu
VTENEOVF,2022-01-01,CLT3VT8Z,16800,Douala,Inconnu
VTE5ZK7M,2022-01-01,CLTF22Y2,17000,Douala,Inconnu
VTEL407E,2022-01-01,CLT3DT4L,29250,Douala,Inconnu
VTEXUM5O,2022-01-01,CLTMS783,35050,Douala,Inconnu
VTEQER3A,2022-01-01,CLTA71LK,14900,Douala,Inconnu
VTEXC7KH,2022-01-01,CLTQR3WH,12400,Douala,Inconnu
VTE9R1X3,2022-01-01,CLTZKAX1,11500,Douala,Inconnu
VTEVKXCI,2022-01-01,CLTMS783,8400,Douala,Inconnu
VTERUOXJ,2022-01-01,CLTU1GL5,14400,Douala,Inconnu
VTE50H7F,2022-01-01,CLT2LQEY,43500,Douala,Inconnu
VTEREG7J,2022-01-01,CLT3VT8Z,4000,Douala,Inconnu
VTEQFDEV,2022-01-01,CLTF3UG4,27100,Douala,Inconnu
VTEQVA1Q,2022-01-01,CLTHVDTS,4500,Douala,Inconnu
VTE9YCF4,2022-01-01,CLTN6Y2R,80700,Douala,Inconnu
VTEW3Y9Q,2022-01-01,CLTA5AOY,24200,Douala,Inconnu
VTEOS15P,2022-01-01,CLTCL5A8,34900,Douala,Inconnu
VTEDRL23,2022-01-01,CLTPDODA,11600,Douala,Inconnu
VTEDBJRS,2022-01-01,CLTYK1U6,16800,Douala,Inconnu
VTEXPKEK,2022-01-01,CLTZ7MQ6,9050,Douala,Inconnu
VTE2PEQO,2022-01-01,CLTKPOQD,12950,Douala,Inconnu
VTECVTGB,2023-01-01,CLT20GKT,547330,Douala,Inconnu
VTE2W0YP,2023-01-01,CLTOSTGS,394250,Douala,Inconnu
VTEZ809Q,2023-01-01,CLTOSTGS,576000,Douala,Inconnu
VTE5BAGY,2023-01-01,CLTFF9H4,1059852,Douala,Inconnu
VTEZ01WX,2023-01-01,CLTYH0NY,293000,Yaoundé,Inconnu
VTELITOF,2023-01-01,CLT8BLYG,78000,Yaoundé,Inconnu
VTE6IY79,2023-01-01,CLT902E2,13000,Yaoundé,Inconnu
VTENSUVC,2023-01-01,CLTWQ2EJ,3300,Yaoundé,Inconnu
VTEH3WKA,2023-01-01,CLTYBW9T,19600,Yaoundé,Inconnu
VTEZVV77,2023-01-01,CLTYBW9T,104000,Yaoundé,Inconnu
VTEXLTMO,2023-01-01,CLT902E2,4900,Yaoundé,Inconnu
VTE9JQHR,2023-01-01,CLTYBW9T,71500,Yaoundé,Inconnu
VTEMIAOR,2023-01-01,CLTYBW9T,49000,Yaoundé,Inconnu
VTEHVKUR,2023-01-01,CLTYBW9T,25000,Yaoundé,Inconnu
VTESMDHE,2023-01-01,CLTYBW9T,10000,Yaoundé,Inconnu
VTETU7Y0,2023-01-01,CLTPUQJ0,5927472,Nanga,Inconnu
VTERHZ8J,2023-01-01,CLTBFIZ3,410000,Tonga,Inconnu
VTE8IZ7O,2023-01-01,CLTNK1E0,125,Yaoundé,Inconnu
VTEOJXZG,2023-01-01,CLT2HIHK,6400,Yaoundé,Inconnu
VTEN7VTC,2023-01-01,CLTXSMTP,25350,Yaoundé,Inconnu
VTEXFZ8S,2023-01-01,CLT0AWX9,31800,Yaoundé,Inconnu
VTEYLYP1,2023-01-01,CLTTKDWM,5300,Yaoundé,Inconnu
VTE8SYGH,2023-01-01,CLTNK1E0,300,Yaoundé,Inconnu
VTEYG70N,2023-01-01,CLTNK1E0,200,Yaoundé,Inconnu
VTE1C962,2023-01-01,CLT0QMP3,26100,Yaoundé,Inconnu
VTECPWGF,2023-01-01,CLTXDKWG,10300,Yaoundé,Inconnu
VTE07FXS,2023-01-01,CLTKABK5,7000,Yaoundé,Inconnu
VTE9WJ7K,2023-01-01,CLTSF90A,19950,Yaoundé,Inconnu
VTE3X9G5,2023-01-01,CLTXM0I3,10500,Yaoundé,Inconnu
VTEJ9300,2023-01-01,CLTCDOYX,10600,Yaoundé,Inconnu
VTEKLJXK,2023-01-01,CLT9H9W6,7700,Yaoundé,Inconnu
VTE3YS3K,2023-01-01,CLTWZXE0,12100,Yaoundé,Inconnu
VTE6UB65,2023-01-01,CLTNK1E0,350,Yaoundé,Inconnu
VTE6IUA7,2023-01-01,CLTNK1E0,1200,Yaoundé,Inconnu
VTEEOQL6,2023-01-01,CLTV4H7T,12000,Yaoundé,Inconnu
VTE7QVK0,2023-01-01,CLTUE3FF,8400,Yaoundé,Inconnu
VTE7GF9Z,2023-01-01,CLTE9UP0,16700,Yaoundé,Inconnu
VTE2R4KQ,2023-01-01,CLTNK1E0,250,Yaoundé,Inconnu
VTE8O1HV,2023-01-01,CLTOWV1M,12100,Yaoundé,Inconnu
VTECYYS5,2023-01-01,CLTTW315,13700,Yaoundé,Inconnu
VTEOQ54R,2023-01-01,CLTUE3FF,24900,Yaoundé,Inconnu
VTEFLS65,2023-01-01,CLT7FLV9,22350,Yaoundé,Inconnu
VTEAJHYM,2023-01-01,CLTNK1E0,1050,Yaoundé,Inconnu
VTEPMFEC,2023-01-01,CLT1VPN2,45000,Yaoundé,Inconnu
VTEKJSNG,2023-01-01,CLTFIGR0,30200,Yaoundé,Inconnu
VTED5C92,2023-01-01,CLT3YMWY,14600,Yaoundé,Inconnu
VTE8W794,2023-01-01,CLTPNYO9,24800,Yaoundé,Inconnu
VTEMTQ5O,2023-01-01,CLTUKYN8,32350,Yaoundé,Inconnu
VTE9E9WL,2023-01-01,CLTOUUVN,36100,Yaoundé,Inconnu
VTETM454,2023-01-01,CLT3UJGI,4500,Yaoundé,Inconnu
VTEM74OX,2023-01-01,CLTNK1E0,24750,Yaoundé,Inconnu
VTEUZWH6,2023-01-01,CLTNK1E0,33900,Yaoundé,Inconnu
VTEGY802,2023-01-01,CLTXP5L2,9500,Yaoundé,Inconnu
VTEHIYU1,2023-01-01,CLTNK1E0,300,Yaoundé,Inconnu
VTENRUM9,2023-01-01,CLTTFLL4,2000,Yaoundé,Inconnu
VTEI4ZNB,2023-01-01,CLTNK1E0,42300,Yaoundé,Inconnu
VTEDV47Y,2023-01-01,CLTNK1E0,32750,Yaoundé,Inconnu
VTEHNU63,2023-01-01,CLTNK1E0,1900,Yaoundé,Inconnu
VTEETTIO,2023-01-01,CLTD5ETN,77000,Yaoundé,Inconnu
VTEO4OY6,2023-01-01,CLTMAKUU,7900,Yaoundé,Inconnu
VTEV8HN3,2023-01-01,CLTNK1E0,4850,Yaoundé,Inconnu
VTEJZ1L5,2023-01-01,CLTNK1E0,3050,Yaoundé,Inconnu
VTELTXZW,2023-01-01,CLTNK1E0,41825,Yaoundé,Inconnu
VTEVV0H0,2023-01-01,CLTNK1E0,2500,Yaoundé,Inconnu
VTE3PLL5,2023-01-01,CLTNK1E0,40650,Yaoundé,Inconnu
VTEVAAXP,2023-01-01,CLTNK1E0,15950,Yaoundé,Inconnu
VTEIBL17,2023-01-01,CLTNK1E0,56400,Yaoundé,Inconnu
VTEFQCYK,2023-01-01,CLTNK1E0,10000,Yaoundé,Inconnu
VTEV47KB,2023-01-01,CLTNK1E0,55100,Yaoundé,Inconnu
VTEGEQTI,2023-01-01,CLTNK1E0,10350,Yaoundé,Inconnu
VTELJNT6,2023-01-01,CLTNK1E0,63150,Yaoundé,Inconnu
VTEJ3VOW,2023-01-01,CLTNK1E0,20600,Yaoundé,Inconnu
VTEADJGH,2023-01-01,CLTNK1E0,6000,Yaoundé,Inconnu
VTE0659C,2023-01-01,CLTNK1E0,3600,Yaoundé,Inconnu
VTEE0TJP,2023-01-01,CLTNK1E0,1750,Yaoundé,Inconnu
VTE31GJ2,2023-01-01,CLTNK1E0,2000,Yaoundé,Inconnu
VTEFP3JI,2023-01-01,CLTNK1E0,30900,Yaoundé,Inconnu
VTE39PTB,2023-01-01,CLTNK1E0,12500,Yaoundé,Inconnu
VTEFHEOP,2023-01-01,CLTNK1E0,11900,Yaoundé,Inconnu
VTE3O486,2023-01-01,CLTGFCX8,11300,Yaoundé,Inconnu
VTESZSPW,2023-01-01,CLTNK1E0,18650,Yaoundé,Inconnu
VTEXXDTG,2023-01-01,CLTOWV1M,12100,Yaoundé,Inconnu
VTEUR1CQ,2023-01-01,CLTNK1E0,1050,Yaoundé,Inconnu
VTES77OX,2023-01-01,CLTNK1E0,12150,Yaoundé,Inconnu
VTEGESZJ,2023-01-01,CLTNK1E0,1400,Yaoundé,Inconnu
VTE8WD0S,2023-01-01,CLTNK1E0,4000,Yaoundé,Inconnu
VTEJGW9R,2023-01-01,CLTNK1E0,3600,Yaoundé,Inconnu
VTE9AAFI,2023-01-01,CLTNK1E0,1400,Yaoundé,Inconnu
VTEZKJVL,2023-01-01,CLTNK1E0,5000,Yaoundé,Inconnu
VTEGWXID,2023-01-01,CLTNK1E0,4500,Yaoundé,Inconnu
VTEY4FEE,2023-01-01,CLTNK1E0,250,Yaoundé,Inconnu
VTE77QAU,2023-01-01,CLTNK1E0,1200,Yaoundé,Inconnu
VTE59H07,2023-01-01,CLTJ4WKO,71100,Yaoundé,Inconnu
VTEQTREN,2023-01-01,CLTNH4Z2,28950,Yaoundé,Inconnu
VTEJQAW9,2023-01-01,CLTLZGEE,13350,Yaoundé,Inconnu
VTEBZUDS,2023-01-01,CLTTLP78,48000,Yaoundé,Inconnu
VTEZ6N4Y,2023-01-01,CLT7CCX8,32800,Yaoundé,Inconnu
VTERLM7V,2023-01-01,CLT1CSX1,38450,Yaoundé,Inconnu
VTE966GG,2023-01-01,CLT7NJUJ,37300,Yaoundé,Inconnu
VTELSZLN,2023-01-01,CLTCO6TV,43700,Yaoundé,Inconnu
VTENRKAQ,2023-01-01,CLTNBIXZ,64250,Yaoundé,Inconnu
VTETMY62,2023-01-01,CLTC0LWF,37000,Yaoundé,Inconnu
VTEIKZCM,2023-01-01,CLTCD2AI,33000,Yaoundé,Inconnu
VTERPNO1,2023-01-01,CLTASOZ8,41100,Yaoundé,Inconnu
VTEG4AKX,2023-01-01,CLT3UJ0V,12850,Yaoundé,Inconnu
VTE89J19,2023-01-01,CLTZ6LZK,17000,Yaoundé,Inconnu
VTE0KPSD,2023-01-01,CLTOIB97,27700,Yaoundé,Inconnu
VTEALVYH,2023-01-01,CLTBRTII,49200,Yaoundé,Inconnu
VTEC1SCY,2023-01-01,CLTBRTII,21200,Yaoundé,Inconnu
VTE7HI6W,2023-01-01,CLTRBTJ6,87300,Yaoundé,Inconnu
VTEXTZ2H,2023-01-01,CLTDX7WS,62450,Yaoundé,Inconnu
VTEV5DC2,2023-01-01,CLTVBAOX,43450,Yaoundé,Inconnu
VTEPSPNI,2023-01-01,CLTZWXGT,52100,Yaoundé,Inconnu
VTETVCJO,2023-01-01,CLTVF3KG,44600,Yaoundé,Inconnu
VTEKUPEY,2023-01-01,CLTQLIEX,65550,Yaoundé,Inconnu
VTEV430L,2023-01-01,CLTU86HX,290100,Yaoundé,Inconnu
VTE1I5CE,2023-01-01,CLT6KYQF,22600,Yaoundé,Inconnu
VTEWU0IJ,2023-01-01,CLTTGRNS,73700,Yaoundé,Inconnu
VTEY1P0X,2023-01-01,CLTUCHBZ,64450,Yaoundé,Inconnu
VTENRYM1,2023-01-01,CLT4DLCG,76600,Yaoundé,Inconnu
VTE79KRL,2023-01-01,CLTS6XEG,12700,Yaoundé,Inconnu
VTE9PH23,2023-01-01,CLTV2INW,3000,Yaoundé,Inconnu
VTEKYHLL,2023-01-01,CLTUOO99,37800,Yaoundé,Inconnu
VTEALOLW,2023-01-01,CLT7UE6W,12150,Yaoundé,Inconnu
VTEWZ3F1,2023-01-01,CLTATTH9,12400,Yaoundé,Inconnu
VTEJDQA6,2023-01-01,CLTIW39V,15800,Yaoundé,Inconnu
VTEPBKFX,2023-01-01,CLTCJ9LL,47250,Yaoundé,Inconnu
VTE7K0GE,2023-01-01,CLTI25M0,37700,Yaoundé,Inconnu
VTEXQEJ8,2023-01-01,CLTN4DZ7,42350,Yaoundé,Inconnu
VTEJAM5X,2023-01-01,CLTGS859,13100,Yaoundé,Inconnu
VTEUXL60,2023-01-01,CLT8KNC9,57450,Yaoundé,Inconnu
VTEOQ0R9,2023-01-01,CLT5IUW4,5600,Yaoundé,Inconnu
VTEITGPD,2023-01-01,CLTGCKXW,7200,Yaoundé,Inconnu
VTEVTDR9,2023-01-01,CLT1E0A1,34100,Yaoundé,Inconnu
VTEG2T04,2023-01-01,CLTA2QPA,80250,Yaoundé,Inconnu
VTE357G6,2023-01-01,CLTQ0LGT,16100,Yaoundé,Inconnu
VTEIDGQF,2023-01-01,CLTS41R0,18600,Yaoundé,Inconnu
VTEU5695,2023-01-01,CLTVRUSZ,121275,Yaoundé,Inconnu
VTEKEQ81,2023-01-01,CLTAQ1VS,12400,Yaoundé,Inconnu
VTEG24RN,2023-01-01,CLTDNB2K,17800,Yaoundé,Inconnu
VTEQ1I2E,2023-01-01,CLTMYNOK,7300,Yaoundé,Inconnu
VTEAS3T1,2023-01-01,CLT4709V,39600,Yaoundé,Inconnu
VTE96D2P,2023-01-01,CLT07PXO,58925,Yaoundé,Inconnu
VTE29B4S,2023-01-01,CLTT9I1E,239100,Yaoundé,Inconnu
VTEMRW22,2023-01-01,CLTJEOXV,76600,Yaoundé,Inconnu
VTEE9TOB,2023-01-01,CLTUDCTG,40250,Yaoundé,Inconnu
VTEP7ZQS,2023-01-01,CLT9R5CR,64500,Yaoundé,Inconnu
VTEQHBPD,2023-01-01,CLT9H9W6,27300,Yaoundé,Inconnu
VTEWL7QS,2023-01-01,CLT33O7Y,14800,Yaoundé,Inconnu
VTEUUBFK,2023-01-01,CLT52XB9,18700,Yaoundé,Inconnu
VTENIIKY,2023-01-01,CLT3FHUL,63700,Yaoundé,Inconnu
VTECBLTB,2023-01-01,CLT3AD21,61500,Yaoundé,Inconnu
VTEA2Y2W,2023-01-01,CLT5AC6D,211250,Yaoundé,Inconnu
VTECC8O4,2023-01-01,CLTM851T,30000,Yaoundé,Inconnu
VTEKNCG0,2023-01-01,CLTDNB2K,17800,Yaoundé,Inconnu
VTEG7MN9,2023-01-01,CLTO1NI4,34400,Yaoundé,Inconnu
VTEARI9Z,2023-01-01,CLTIF5XR,24350,Yaoundé,Inconnu
VTE7BNEG,2023-01-01,CLTJRZYV,13300,Yaoundé,Inconnu
VTEJQE6W,2023-01-01,CLTCJHSK,24550,Yaoundé,Inconnu
VTES8E2X,2023-01-01,CLT1FG97,14300,Yaoundé,Inconnu
VTEVS1JY,2023-01-01,CLTIEZEE,16150,Yaoundé,Inconnu
VTEOGO6R,2023-01-01,CLT1QQW9,25250,Yaoundé,Inconnu
VTEARG08,2023-01-01,CLTON92J,82900,Yaoundé,Inconnu
VTEANJ8O,2023-01-01,CLTWQ0XF,84550,Yaoundé,Inconnu
VTE2MZJZ,2023-01-01,CLTVXRYT,12400,Yaoundé,Inconnu
VTEGM494,2023-01-01,CLT95ZL4,63900,Yaoundé,Inconnu
VTEH046N,2023-01-01,CLTCVG64,40850,Yaoundé,Inconnu
VTEV75V4,2023-01-01,CLTGYJ9F,15400,Yaoundé,Inconnu
VTEV0BTX,2023-01-01,CLTG3PRJ,27100,Yaoundé,Inconnu
VTEBYGQ4,2023-01-01,CLTSWVTL,37100,Yaoundé,Inconnu
VTEFNRLF,2023-01-01,CLTOE25G,57825,Yaoundé,Inconnu
VTEPGJ4U,2023-01-01,CLTOFKAY,5500,Yaoundé,Inconnu
VTE2A6YF,2023-01-01,CLTASOZ8,43750,Yaoundé,Inconnu
VTEFQIJ8,2023-01-01,CLTRWPRH,40000,Yaoundé,Inconnu
VTEQPQRY,2023-01-01,CLTXNXE8,10100,Yaoundé,Inconnu
VTES5V3B,2023-01-01,CLT9M7DH,50300,Yaoundé,Inconnu
VTEK5Z26,2023-01-01,CLT687GL,36700,Yaoundé,Inconnu
VTEKXR8J,2023-01-01,CLTWYX3I,48000,Yaoundé,Inconnu
VTEB82QW,2023-01-01,CLTOFKAY,20300,Yaoundé,Inconnu
VTE93GO8,2023-01-01,CLT5YNZ3,80150,Yaoundé,Inconnu
VTEUFADB,2023-01-01,CLT6WKC6,16100,Yaoundé,Inconnu
VTEKW8M7,2023-01-01,CLTRDKFR,23400,Yaoundé,Inconnu
VTEUT49S,2023-01-01,CLT16A5D,215150,Yaoundé,Inconnu
VTE1E41B,2023-01-01,CLT9RGKO,18100,Yaoundé,Inconnu
VTE2PASP,2023-01-01,CLTP8XS4,800,Yaoundé,Inconnu
VTEYRF6X,2023-01-01,CLTSK5F3,39050,Yaoundé,Inconnu
VTEAQY90,2023-01-01,CLT7UE6W,6150,Yaoundé,Inconnu
VTE1QO4E,2023-01-01,CLTO9OL8,20600,Yaoundé,Inconnu
VTEEMXK0,2023-01-01,CLTCVRDA,104500,Yaoundé,Inconnu
VTEG6JQQ,2023-01-01,CLTASOZ8,43750,Yaoundé,Inconnu
VTEG9DF6,2023-01-01,CLTSK5F3,3500,Yaoundé,Inconnu
VTEBHD3R,2023-01-01,CLT6KYQF,25200,Yaoundé,Inconnu
VTEEQ1F1,2023-01-01,CLT9NMGP,15400,Yaoundé,Inconnu
VTET0RPA,2023-01-01,CLTOEP6H,40400,Yaoundé,Inconnu
VTEK9LPT,2023-01-01,CLT89V9Q,16900,Yaoundé,Inconnu
VTED8R4G,2023-01-01,CLTOXST3,83650,Yaoundé,Inconnu
VTE7LYH3,2023-01-01,CLTNH4Z2,5000,Yaoundé,Inconnu
VTE0FNG8,2023-01-01,CLTFTRCC,11400,Yaoundé,Inconnu
VTE4U0EH,2023-01-01,CLTQ80L2,30900,Yaoundé,Inconnu
VTEVPWI9,2023-01-01,CLT76C60,46550,Yaoundé,Inconnu
VTEEN4B2,2023-01-01,CLTWHVMD,34100,Yaoundé,Inconnu
VTEHYMUI,2023-01-01,CLTITR8M,102950,Yaoundé,Inconnu
VTEL8OTK,2023-01-01,CLTOFKAY,4500,Yaoundé,Inconnu
VTE8B1E1,2023-01-01,CLT3GKXC,12350,Yaoundé,Inconnu
VTE06N6M,2023-01-01,CLTCW55J,138800,Yaoundé,Inconnu
VTE2YF1I,2023-01-01,CLTCP1ON,36100,Yaoundé,Inconnu
VTE6F9IA,2023-01-01,CLT8O7HY,8200,Yaoundé,Inconnu
VTEVR3C3,2023-01-01,CLT1M8QW,42000,Yaoundé,Inconnu
VTET0TK9,2023-01-01,CLTFTRT5,42400,Yaoundé,Inconnu
VTE9VF9A,2023-01-01,CLTM851T,14500,Yaoundé,Inconnu
VTEM6IFV,2023-01-01,CLTUT69L,21100,Yaoundé,Inconnu
VTEQUMYB,2023-01-01,CLTZ1KTL,26500,Yaoundé,Inconnu
VTEIPICB,2023-01-01,CLTMDLML,34250,Yaoundé,Inconnu
VTEODRTZ,2023-01-01,CLTFTRT5,54250,Yaoundé,Inconnu
VTEO3UHO,2023-01-01,CLTJBT6C,100000,Yaoundé,Inconnu
VTEMFODN,2023-01-01,CLT00ZXR,20800,Yaoundé,Inconnu
VTEXQFYD,2023-01-01,CLT5U9EK,12300,Yaoundé,Inconnu
VTEMVJKO,2023-01-01,CLT3MI2J,41200,Yaoundé,Inconnu
VTEC54GK,2023-01-01,CLTGS859,26500,Yaoundé,Inconnu
VTELXCPC,2023-01-01,CLTD071V,30750,Yaoundé,Inconnu
VTEBSWG6,2023-01-01,CLTNMPDK,11300,Yaoundé,Inconnu
VTEM1XSP,2023-01-01,CLTJ8HR3,26100,Yaoundé,Inconnu
VTELAKPQ,2023-01-01,CLTZY4CB,11350,Yaoundé,Inconnu
VTEZ0FII,2023-01-01,CLTHS4ZJ,33000,Yaoundé,Inconnu
VTE00VWR,2023-01-01,CLT8Z4WH,7000,Yaoundé,Inconnu
VTEQARWY,2023-01-01,CLT5RGP0,11300,Yaoundé,Inconnu
VTENWT9S,2023-01-01,CLT4709V,1000,Yaoundé,Inconnu
VTELB052,2023-01-01,CLTHS4ZJ,38700,Yaoundé,Inconnu
VTETV09M,2023-01-01,CLTD071V,9700,Yaoundé,Inconnu
VTE8GD8X,2023-01-01,CLTI25M0,10700,Yaoundé,Inconnu
VTEKUC3E,2023-01-01,CLT2ISIT,22400,Yaoundé,Inconnu
VTENJ81N,2023-01-01,CLTMI4DP,30800,Yaoundé,Inconnu
VTEL1B7S,2023-01-01,CLTQEQUS,23200,Yaoundé,Inconnu
VTE8LSNY,2023-01-01,CLTANV3N,15400,Yaoundé,Inconnu
VTE0HLVO,2023-01-01,CLTSHCAP,23250,Yaoundé,Inconnu
VTEXFKNT,2023-01-01,CLTD3JJA,11100,Yaoundé,Inconnu
VTE19MOC,2023-01-01,CLTYBW9T,19600,Yaoundé,Inconnu
VTEE59R3,2023-01-01,CLT3AD21,9000,Yaoundé,Inconnu
VTEDWVAE,2023-01-01,CLTXA2KR,74350,Yaoundé,Inconnu
VTEG2ZUX,2023-01-01,CLTCXSVC,5200,Yaoundé,Inconnu
VTEVMUU4,2023-01-01,CLT3AD21,37200,Yaoundé,Inconnu
VTE7PQ77,2023-01-01,CLTB37GG,11900,Yaoundé,Inconnu
VTEHUCOH,2023-01-01,CLTXDBHE,12150,Yaoundé,Inconnu
VTEKUQ8R,2023-01-01,CLTNR1UI,12400,Yaoundé,Inconnu
VTE2BAEI,2023-01-01,CLT2574Z,20400,Yaoundé,Inconnu
VTEWBM6V,2023-01-01,CLT9NMGP,8200,Yaoundé,Inconnu
VTE61CAG,2023-01-01,CLTJLUP6,14700,Yaoundé,Inconnu
VTE59B6K,2023-01-01,CLTCJ9LL,28750,Yaoundé,Inconnu
VTE26S7L,2023-01-01,CLTFTRT5,12800,Yaoundé,Inconnu
VTE6KF9V,2023-01-01,CLTPVKKC,50000,Yaoundé,Inconnu
VTE7EKHZ,2023-01-01,CLTU4JJU,49000,Yaoundé,Inconnu
VTEMEQ5K,2023-01-01,CLTGHMMO,12200,Yaoundé,Inconnu
VTEJ7JK1,2023-01-01,CLT8QBW3,13000,Yaoundé,Inconnu
VTEXDZ0A,2023-01-01,CLTLRK5X,12400,Yaoundé,Inconnu
VTEM0YLF,2023-01-01,CLTQ59NO,47600,Yaoundé,Inconnu
VTETISB5,2023-01-01,CLT2IAFC,23200,Yaoundé,Inconnu
VTEM5QRT,2023-01-01,CLTIW39V,5500,Yaoundé,Inconnu
VTEUWB7F,2023-01-01,CLTBJY4E,24000,Yaoundé,Inconnu
VTEN7NER,2023-01-01,CLTGS859,8250,Yaoundé,Inconnu
VTEXZVHW,2023-01-01,CLT2574Z,5000,Yaoundé,Inconnu
VTEJJCBY,2023-01-01,CLT57EQH,30000,Yaoundé,Inconnu
VTEEAD3Z,2023-01-01,CLT0IYLD,38950,Yaoundé,Inconnu
VTEW3KHZ,2023-01-01,CLTS3FB8,32850,Yaoundé,Inconnu
VTESIRR3,2023-01-01,CLTOFKAY,3100,Yaoundé,Inconnu
VTE3OM3N,2023-01-01,CLTOWCZB,10450,Yaoundé,Inconnu
VTEJAU7P,2023-01-01,CLTWX22N,5000,Yaoundé,Inconnu
VTERC84S,2023-01-01,CLTLXSOI,143200,Yaoundé,Inconnu
VTE46OPI,2023-01-01,CLT00YHN,16500,Yaoundé,Inconnu
VTE41R09,2023-01-01,CLTQ59NO,13150,Yaoundé,Inconnu
VTEOUBNM,2023-01-01,CLTEM5JL,15100,Yaoundé,Inconnu
VTEJU873,2023-01-01,CLTMY8YF,12600,Yaoundé,Inconnu
VTEFK5KR,2023-01-01,CLT6TFIA,37000,Yaoundé,Inconnu
VTE14FV5,2023-01-01,CLTOFKAY,11000,Yaoundé,Inconnu
VTELBLXZ,2023-01-01,CLTTLP78,4900,Yaoundé,Inconnu
VTEIUYBQ,2023-01-01,CLT6TFIA,37000,Yaoundé,Inconnu
VTEYRM2N,2023-01-01,CLTOFKAY,11000,Yaoundé,Inconnu
VTEVVVK4,2023-01-01,CLTTLP78,4900,Yaoundé,Inconnu
VTE80QBS,2023-01-01,CLTINGBM,5000,Yaoundé,Inconnu
VTEJ4F8N,2023-01-01,CLTCTHIH,9050,Yaoundé,Inconnu
VTEUUKH4,2023-01-01,CLT316IS,6400,Yaoundé,Inconnu
VTEAXH2Q,2023-01-01,CLTPM7LG,6600,Yaoundé,Inconnu
VTEZZCEK,2023-01-01,CLTDLMY9,92050,Yaoundé,Inconnu
VTE12VVV,2023-01-01,CLT1E0A1,6500,Yaoundé,Inconnu
VTEQF3JS,2023-01-01,CLTI7BAO,2500,Yaoundé,Inconnu
VTE413C9,2023-01-01,CLT2AKEW,6800,Yaoundé,Inconnu
VTE17AHR,2023-01-01,CLTDXZ9J,18000,Yaoundé,Inconnu
VTEGVYDX,2023-01-01,CLTQW7V6,5000,Yaoundé,Inconnu
VTEFZ40H,2023-01-01,CLTT8S9D,3000,Yaoundé,Inconnu
VTEGB3IG,2023-01-01,CLTS3S46,8300,Yaoundé,Inconnu
VTEY06BF,2023-01-01,CLTSHCAP,5000,Yaoundé,Inconnu
VTEOTVFA,2023-01-01,CLTBJY4E,5225,Yaoundé,Inconnu
VTEPIKJU,2023-01-01,CLTE9Q9A,161000,Yaoundé,Inconnu
VTEHCHZ7,2023-01-01,CLT7311T,418600,Yaoundé,Inconnu
VTELIP3V,2023-01-01,CLT4J457,4000,Yaoundé,Inconnu
VTEI9S20,2023-01-01,CLT07PXO,1600,Yaoundé,Inconnu
VTEU46IE,2023-01-01,CLTKODRZ,40000,Yaoundé,Inconnu
VTE7Q65F,2023-01-01,CLTXNXE8,87100,Yaoundé,Inconnu
VTE4JE73,2023-01-01,CLT22W9S,14000,Yaoundé,Inconnu
VTEZOQPK,2023-01-01,CLTGHMMO,3500,Yaoundé,Inconnu
VTEJCKZ8,2023-01-01,CLTSHCAP,20000,Yaoundé,Inconnu
VTETWZZ4,2023-01-01,CLTDLMY9,10000,Yaoundé,Inconnu
VTEM8VNS,2023-01-01,CLT4J4ZW,60000,Yaoundé,Inconnu
VTEMXX1Z,2023-01-01,CLT14O1C,5000,Yaoundé,Inconnu
VTEJSN04,2023-01-01,CLTS6XEG,4500,Yaoundé,Inconnu
VTE9RJ0S,2023-01-01,CLTILWZK,4000,Yaoundé,Inconnu
VTE7GGRK,2023-01-01,CLTC8KRI,6500,Yaoundé,Inconnu
VTEYYHI1,2023-01-01,CLTSHCAP,20000,Yaoundé,Inconnu
VTEBB30V,2024-01-01,CLTB077J,419100,Yaoundé,Inconnu
VTE6G50A,2024-01-01,CLT7A1OP,2498850,Yaoundé,Inconnu
VTEK19JF,2024-01-01,CLTOD35J,1269975,Yaoundé,Inconnu
VTEX53XM,2024-01-01,CLTSZN1S,3602310,Yaoundé,Inconnu
VTE1QW2R,2024-01-01,CLTXXGU9,3320950,Douala,Inconnu
VTEB0NKA,2024-01-01,CLTFB87M,640000,Yaoundé,Inconnu
VTE13FRL,2024-01-01,CLTFT9DT,262105,Douala,Inconnu
VTEXO681,2024-01-01,CLT1VOOK,30732,Douala,Inconnu
VTEI48RT,2024-01-01,CLT1VOOK,36593,Douala,Inconnu
VTEQKJCI,2024-01-01,CLTJ0JWF,45000,Douala,Inconnu
VTEFKDF6,2024-01-01,CLTFAZVK,50650,Douala,Inconnu
VTE12G9I,2024-01-01,CLTM1AK4,14850,Douala,Inconnu
VTEFDF0Q,2024-01-01,CLTM1AK4,7500,Douala,Inconnu
VTE87OY9,2024-01-01,CLTRHVG0,44550,Douala,Inconnu
VTE2IEV1,2024-01-01,CLTFA1RU,18750,Douala,Inconnu
VTEZKJAQ,2024-01-01,CLTAJMPH,87570,Douala,Inconnu
VTEEGN40,2024-01-01,CLTAJMPH,13915,Douala,Inconnu
VTERP0U6,2024-01-01,CLTHY4OA,22261,Douala,Inconnu
VTEI9CVQ,2024-01-01,CLTUQRRZ,75627,Douala,Inconnu
VTE2WVXR,2024-01-01,CLTJE0Q2,4000,Douala,Inconnu
VTE0O3M4,2024-01-01,CLT2M6SU,37700,Douala,Inconnu
VTE1HOJ4,2024-01-01,CLTBKZ3E,88000,Douala,Inconnu
VTE7SBQZ,2024-01-01,CLTHAV9P,32540,Douala,Inconnu
VTEV8NRV,2024-01-01,CLTRCBCJ,92200,Douala,Inconnu
VTEUKQ88,2024-01-01,CLTNCLAR,31000,Douala,Inconnu
VTEJ4AQ1,2024-01-01,CLTR2WFY,20000,Douala,Inconnu
VTEGDB02,2024-01-01,CLTAH1NP,55600,Douala,Inconnu
VTEINMBM,2024-01-01,CLTEGNB7,15100,Douala,Inconnu
VTEM2DTD,2024-01-01,CLT6375M,21600,Douala,Inconnu
VTE3J4V4,2024-01-01,CLTQVGJ5,12750,Douala,Inconnu
VTEOTEMU,2024-01-01,CLTL76P2,13340,Douala,Inconnu
VTE6LLE2,2024-01-01,CLTL76P2,4500,Douala,Inconnu
VTE77O8A,2024-01-01,CLTCS9BC,13750,Douala,Inconnu
VTECQQDF,2024-01-01,CLTCS9BC,16175,Douala,Inconnu
VTE1RTLE,2024-01-01,CLTIU8JS,31065,Douala,Inconnu
VTESMO28,2024-01-01,CLTVO1RM,30352,Douala,Inconnu
VTE4OFC3,2024-01-01,CLTCQON7,29975,Douala,Inconnu
VTE32KCW,2024-01-01,CLTCQON7,6580,Douala,Inconnu
VTEOVJP4,2024-01-01,CLTJKIUW,9000,Douala,Inconnu
VTEBJQ9Z,2024-01-01,CLTJKIUW,11000,Douala,Inconnu
VTEUC2Y7,2024-01-01,CLTS5YLF,2500,Douala,Inconnu
VTEK4SS9,2024-01-01,CLTWU8HZ,12900,Douala,Inconnu
VTE43IZ2,2024-01-01,CLTWU8HZ,33100,Douala,Inconnu
VTEIROO6,2024-01-01,CLTWU8HZ,30700,Douala,Inconnu
VTE2Y5MC,2024-01-01,CLTH15LX,42995,Douala,Inconnu
VTEV453U,2024-01-01,CLTH15LX,10250,Douala,Inconnu
VTE4P3VN,2024-01-01,CLT046CJ,31000,Douala,Inconnu
VTEC8ENI,2024-01-01,CLT046CJ,44500,Douala,Inconnu
VTEWCLUX,2024-01-01,CLTMYGGZ,29520,Douala,Inconnu
VTEGT9TY,2024-01-01,CLTHY4OA,9900,Douala,Inconnu
VTEJT7BA,2024-01-01,CLTGFEML,11550,Douala,Inconnu
VTELPCZG,2024-01-01,CLT5FLFH,435340,Yaoundé,Inconnu
VTELFTDN,2024-01-01,CLT8N3IN,21200,Yaoundé,Inconnu
VTEUWTWD,2024-01-01,CLT8N3IN,6550,Yaoundé,Inconnu
VTE1X1AW,2024-01-01,CLTO9OL8,14950,Yaoundé,Inconnu
VTE79YPA,2024-01-01,CLT5YOLA,41400,Yaoundé,Inconnu
VTEZ35BY,2024-01-01,CLTJEOXV,86200,Yaoundé,Inconnu
VTEFW695,2024-01-01,CLTTUQ5L,37000,Yaoundé,Inconnu
VTE69MZJ,2024-01-01,CLTAC39M,33300,Yaoundé,Inconnu
VTEVWAE9,2024-01-01,CLTU0HIK,16600,Yaoundé,Inconnu
VTELV1YD,2024-01-01,CLTTGRNS,75600,Yaoundé,Inconnu
VTEBEMMA,2024-01-01,CLTJ8HR3,7750,Yaoundé,Inconnu
VTETGHVY,2024-01-01,CLTJ8HR3,14300,Yaoundé,Inconnu
VTE0LCR4,2024-01-01,CLTJ8HR3,14300,Yaoundé,Inconnu
VTE30IAA,2024-01-01,CLTIW8C1,26400,Yaoundé,Inconnu
VTEP3APE,2024-01-01,CLTA2QPA,34600,Yaoundé,Inconnu
VTEZG2HS,2024-01-01,CLTUZOAM,54700,Yaoundé,Inconnu
VTEUNTEB,2024-01-01,CLTUZOAM,107700,Yaoundé,Inconnu
VTEQRL11,2024-01-01,CLTUZOAM,15750,Yaoundé,Inconnu
VTEUDVE6,2024-01-01,CLTUZOAM,45700,Yaoundé,Inconnu
VTEQ4GQP,2024-01-01,CLTUZOAM,11750,Yaoundé,Inconnu
VTEKRYBZ,2024-01-01,CLTHM1ER,170700,Yaoundé,Inconnu
VTEYYZ78,2024-01-01,CLTCR67P,125200,Yaoundé,Inconnu
VTE6KRUW,2024-01-01,CLTHQAGI,11300,Yaoundé,Inconnu
VTE7EJ8R,2024-01-01,CLTWX2CY,10300,Yaoundé,Inconnu
VTEEP9D5,2024-01-01,CLT1E0A1,10000,Yaoundé,Inconnu
VTEVZLFD,2024-01-01,CLT1E0A1,55500,Yaoundé,Inconnu
VTEQJPAP,2024-01-01,CLTF6NBO,213000,Yaoundé,Inconnu
VTE7J9UE,2024-01-01,CLTI6JCA,26400,Yaoundé,Inconnu
VTEN1J17,2024-01-01,CLTLQU06,111950,Yaoundé,Inconnu
VTEI4C70,2024-01-01,CLTGYJ9F,16300,Yaoundé,Inconnu
VTET1R3P,2024-01-01,CLTGYJ9F,18000,Yaoundé,Inconnu
VTEUV4XJ,2024-01-01,CLTO4YC8,10000,Yaoundé,Inconnu
VTEY93XS,2024-01-01,CLTZPNFX,100000,Yaoundé,Inconnu
VTEBCJSD,2024-01-01,CLTZPNFX,35500,Yaoundé,Inconnu
VTEO4738,2024-01-01,CLTNBIXZ,28150,Yaoundé,Inconnu
VTE2SDCT,2024-01-01,CLTNBIXZ,26000,Yaoundé,Inconnu
VTEX4HEI,2024-01-01,CLTLOK5W,4300,Yaoundé,Inconnu
VTED4K9B,2024-01-01,CLTY121M,11800,Yaoundé,Inconnu
VTEW6A5F,2024-01-01,CLTY121M,27300,Yaoundé,Inconnu
VTE5EGZK,2024-01-01,CLTUZO4O,8000,Yaoundé,Inconnu
VTERY68V,2024-01-01,CLTRWPRH,40700,Yaoundé,Inconnu
VTEAX63G,2024-01-01,CLTBRTII,59300,Yaoundé,Inconnu
VTECNCJW,2024-01-01,CLT14O1C,7000,Yaoundé,Inconnu
VTE29BIT,2024-01-01,CLT9RGKO,16500,Yaoundé,Inconnu
VTEYYOH8,2024-01-01,CLT9RGKO,5000,Yaoundé,Inconnu
VTEDCBUH,2024-01-01,CLTASOZ8,50750,Yaoundé,Inconnu
VTE2Y49V,2024-01-01,CLTASOZ8,24250,Yaoundé,Inconnu
VTE9G8B3,2024-01-01,CLTILWZK,56000,Yaoundé,Inconnu
VTEUJQCP,2024-01-01,CLT72Q77,68900,Yaoundé,Inconnu
VTEQ9M18,2024-01-01,CLT72Q77,50750,Yaoundé,Inconnu
VTEK9ZIY,2024-01-01,CLT72Q77,112500,Yaoundé,Inconnu
VTERLFDZ,2024-01-01,CLTS399F,18400,Yaoundé,Inconnu
VTEA9YY1,2024-01-01,CLTS399F,9250,Yaoundé,Inconnu
VTEGEJV1,2024-01-01,CLTS399F,17800,Yaoundé,Inconnu
VTEAN6QN,2024-01-01,CLTT9I1E,84550,Yaoundé,Inconnu
VTE0HMUY,2024-01-01,CLTNMPDK,10000,Yaoundé,Inconnu
VTEBCY5V,2024-01-01,CLTRECYL,4000,Yaoundé,Inconnu
VTEDKTT2,2024-01-01,CLTCXSVC,7150,Yaoundé,Inconnu
VTECQ3NO,2024-01-01,CLTCXSVC,4000,Yaoundé,Inconnu
VTEME6H3,2024-01-01,CLTJGJXV,20200,Yaoundé,Inconnu
VTEEJ355,2024-01-01,CLTW5K5D,26250,Yaoundé,Inconnu
VTE8JO61,2024-01-01,CLT9R5CR,43000,Yaoundé,Inconnu
VTECT507,2024-01-01,CLTLNZTX,14500,Yaoundé,Inconnu
VTEJ5HVW,2024-01-01,CLTCVG64,39200,Yaoundé,Inconnu
VTEWBXV1,2024-01-01,CLTCVG64,39200,Yaoundé,Inconnu
VTESJ5TN,2024-01-01,CLTTX4TT,20000,Yaoundé,Inconnu
VTEZA4HG,2024-01-01,CLTZ79K4,0,Yaoundé,Inconnu
VTEM1L3J,2024-01-01,CLTWAGDE,53700,Yaoundé,Inconnu
VTELG6C3,2024-01-01,CLTNMPDK,6200,Yaoundé,Inconnu
VTEVCI25,2024-01-01,CLTU4JJU,46500,Yaoundé,Inconnu
VTEKD2TT,2024-01-01,CLTOHOYO,38100,Yaoundé,Inconnu
VTE5AIC7,2024-01-01,CLTKODRZ,45800,Yaoundé,Inconnu
VTE3XSFA,2024-01-01,CLTUT69L,26550,Yaoundé,Inconnu
VTECN05V,2024-01-01,CLTPYSW8,11800,Yaoundé,Inconnu
VTEJJBDG,2024-01-01,CLT5BBH9,25775,Yaoundé,Inconnu
VTE9LCNY,2024-01-01,CLTUZO4O,52000,Yaoundé,Inconnu
VTE03XH0,2024-01-01,CLTUZO4O,8300,Yaoundé,Inconnu
VTE0LQGW,2024-01-01,CLTVXRYT,16250,Yaoundé,Inconnu
VTEGAJAN,2024-01-01,CLTIXDP8,8350,Yaoundé,Inconnu
VTE25AEK,2024-01-01,CLTIXDP8,69500,Yaoundé,Inconnu
VTEZGS9R,2024-01-01,CLT8N3IN,32450,Yaoundé,Inconnu
VTEF27G9,2024-01-01,CLTMI4DP,7900,Yaoundé,Inconnu
VTEX11MT,2024-01-01,CLTVBAOX,68150,Yaoundé,Inconnu
VTER167I,2024-01-01,CLTQGLBD,3700,Yaoundé,Inconnu
VTEU91NM,2024-01-01,CLTN4DZ7,45000,Yaoundé,Inconnu
VTEC533O,2024-01-01,CLTZM8WW,39000,Yaoundé,Inconnu
VTERJR6V,2024-01-01,CLTDLLOW,98450,Yaoundé,Inconnu
VTE4G241,2024-01-01,CLTXM0I3,9000,Yaoundé,Inconnu
VTE2XZIV,2024-01-01,CLTRILLL,8500,Yaoundé,Inconnu
VTE4ERNW,2024-01-01,CLTCVRDA,88900,Yaoundé,Inconnu
VTE19864,2024-01-01,CLTTLP78,74100,Yaoundé,Inconnu
VTEYDJQF,2024-01-01,CLTGDXQD,8350,Yaoundé,Inconnu
VTEBFNBE,2024-01-01,CLTGDXQD,18750,Yaoundé,Inconnu
VTE2JKVR,2024-01-01,CLT07PXO,33000,Yaoundé,Inconnu
VTELDHDM,2024-01-01,CLT07PXO,58200,Yaoundé,Inconnu
VTELP0UE,2024-01-01,CLTN4DZ7,8000,Yaoundé,Inconnu
VTEQAUU9,2024-01-01,CLTRDKFR,14125,Yaoundé,Inconnu
VTEBSAZS,2024-01-01,CLTFTJ88,37700,Yaoundé,Inconnu
VTEWBCET,2024-01-01,CLTUVHBU,12500,Yaoundé,Inconnu
VTE7J0Z3,2024-01-01,CLTIW39V,11300,Yaoundé,Inconnu
VTEULU58,2024-01-01,CLTRNR5E,65950,Yaoundé,Inconnu
VTE1UHYL,2024-01-01,CLTJGJXV,127250,Yaoundé,Inconnu
VTEKP3UK,2024-01-01,CLTJGJXV,60000,Yaoundé,Inconnu
VTEZCG2S,2024-01-01,CLTMNDV1,7200,Yaoundé,Inconnu
VTEA6BNM,2024-01-01,CLTMNDV1,17300,Yaoundé,Inconnu
VTE9SHUF,2024-01-01,CLTWHVMD,29100,Yaoundé,Inconnu
VTE19C15,2024-01-01,CLTTGRNS,9300,Yaoundé,Inconnu
VTE2RYJW,2024-01-01,CLTX1IAP,9400,Yaoundé,Inconnu
VTEFL8FB,2024-01-01,CLTOHOYO,38100,Yaoundé,Inconnu
VTEVEBYD,2024-01-01,CLTLZGEE,11850,Yaoundé,Inconnu
VTERNK21,2024-01-01,CLT5ARW0,24500,Yaoundé,Inconnu
VTET5YS2,2024-01-01,CLTCO6TV,18600,Yaoundé,Inconnu
VTESQLLW,2024-01-01,CLTKQ9AR,44700,Yaoundé,Inconnu
VTEU4224,2024-01-01,CLT4G27Y,10500,Yaoundé,Inconnu
VTE9HZSZ,2024-01-01,CLT4G27Y,10500,Yaoundé,Inconnu
VTEPNM5T,2024-01-01,CLT4G27Y,107450,Yaoundé,Inconnu
VTE79SAI,2024-01-01,CLTJB0VU,47500,Yaoundé,Inconnu
VTEAQSM0,2024-01-01,CLTJB0VU,50000,Yaoundé,Inconnu
VTELBTWG,2024-01-01,CLTJRZYV,15600,Yaoundé,Inconnu
VTEDC5H0,2024-01-01,CLT76C60,83000,Yaoundé,Inconnu
VTEQR4V1,2024-01-01,CLT76C60,3400,Yaoundé,Inconnu
VTE3DVVM,2024-01-01,CLTUZOAM,23500,Yaoundé,Inconnu
VTE5Z22G,2024-01-01,CLTX5SSK,48000,Yaoundé,Inconnu
VTE1QGQO,2024-01-01,CLTSWVTL,19500,Yaoundé,Inconnu
VTEKLOE3,2024-01-01,CLTMDP0E,39500,Yaoundé,Inconnu
VTEYQP93,2024-01-01,CLT2574Z,25800,Yaoundé,Inconnu
VTEL3WQD,2024-01-01,CLTC5LJU,17100,Yaoundé,Inconnu
VTEMQZA5,2024-01-01,CLTL31KE,21700,Yaoundé,Inconnu
VTE1TQX5,2024-01-01,CLTL31KE,44425,Yaoundé,Inconnu
VTE4N45I,2024-01-01,CLTVRUSZ,122500,Yaoundé,Inconnu
VTEPUGIW,2024-01-01,CLTVRUSZ,45000,Yaoundé,Inconnu
VTE2WCZL,2024-01-01,CLTVRUSZ,122500,Yaoundé,Inconnu
VTECZGWA,2024-01-01,CLTVRUSZ,5000,Yaoundé,Inconnu
VTEXYFUQ,2024-01-01,CLTIY62S,74400,Yaoundé,Inconnu
VTEW4QWO,2024-01-01,CLT8QBW3,19500,Yaoundé,Inconnu
VTEW4E7V,2024-01-01,CLTDVCNJ,15000,Yaoundé,Inconnu
VTEUL6K1,2024-01-01,CLTDVCNJ,15200,Yaoundé,Inconnu
VTEJZEPX,2024-01-01,CLT5YNZ3,64725,Yaoundé,Inconnu
VTEPW220,2024-01-01,CLT85QSC,31200,Yaoundé,Inconnu
VTEKE73A,2024-01-01,CLT85QSC,16000,Yaoundé,Inconnu
VTEYJYSV,2024-01-01,CLTV06O9,29150,Yaoundé,Inconnu
VTEUVZFC,2024-01-01,CLTQTNA4,25300,Yaoundé,Inconnu
VTE7SC59,2024-01-01,CLTX66C2,35500,Yaoundé,Inconnu
VTEEOT3I,2024-01-01,CLT5RAIW,49350,Yaoundé,Inconnu
VTEC4DCG,2024-01-01,CLTU4EH1,47725,Yaoundé,Inconnu
VTE1S4SG,2024-01-01,CLT9NMGP,38800,Yaoundé,Inconnu
VTEBXPES,2024-01-01,CLTINGBM,26100,Yaoundé,Inconnu
VTEDFQEE,2024-01-01,CLTDHHR8,23400,Yaoundé,Inconnu
VTEYD4DT,2024-01-01,CLTDHHR8,17100,Yaoundé,Inconnu
VTEQHWVF,2024-01-01,CLTGS859,13150,Yaoundé,Inconnu
VTESAR5X,2024-01-01,CLT1FG97,20400,Yaoundé,Inconnu
VTECGW1Y,2024-01-01,CLT97OW4,87400,Yaoundé,Inconnu
VTEAWQ4E,2024-01-01,CLTFZHI8,179500,Yaoundé,Inconnu
VTEN8KDZ,2024-01-01,CLTFZHI8,179500,Yaoundé,Inconnu
VTEEYJN8,2024-01-01,CLTNH4Z2,34200,Yaoundé,Inconnu
VTEEMGMG,2024-01-01,CLT14O1C,94100,Yaoundé,Inconnu
VTEAVE9T,2024-01-01,CLTABW9P,18150,Yaoundé,Inconnu
VTERGZGP,2024-01-01,CLTPOJHR,34000,Yaoundé,Inconnu
VTELWMJ3,2024-01-01,CLTASGYS,34000,Yaoundé,Inconnu
VTEYC2YM,2024-01-01,CLTFBRTS,8350,Yaoundé,Inconnu
VTEFLMIG,2024-01-01,CLTALYG1,77300,Yaoundé,Inconnu
VTE5LNJQ,2024-01-01,CLTOXGC8,7650,Yaoundé,Inconnu
VTECKSS2,2024-01-01,CLTIW39V,11300,Yaoundé,Inconnu
VTEXOSXV,2024-01-01,CLTIW39V,29200,Yaoundé,Inconnu
VTE7JFUT,2024-01-01,CLTCPFG6,26600,Yaoundé,Inconnu
VTEBAP6B,2024-01-01,CLT59AJR,72500,Yaoundé,Inconnu
VTEEAFCD,2024-01-01,CLTMMH69,3950,Yaoundé,Inconnu
VTE7QXSE,2024-01-01,CLTYDKMN,12900,Yaoundé,Inconnu
VTEZPOOY,2024-01-01,CLT31Y5V,8750,Yaoundé,Inconnu
VTEQ3PRX,2024-01-01,CLT120HH,14850,Yaoundé,Inconnu
VTEPQDZH,2024-01-01,CLTMY8YF,21050,Yaoundé,Inconnu
VTEIQQGG,2024-01-01,CLTDX7WS,61050,Yaoundé,Inconnu
VTEAAL0N,2024-01-01,CLTITR8M,125000,Yaoundé,Inconnu
VTEJBPS6,2024-01-01,CLTQEQUS,19800,Yaoundé,Inconnu
VTEP89K4,2024-01-01,CLT6KYQF,52225,Yaoundé,Inconnu
VTE0XNBG,2024-01-01,CLTDXZ9J,49200,Yaoundé,Inconnu
VTERIPPD,2024-01-01,CLTCC0RX,13300,Yaoundé,Inconnu
VTEE4WEK,2024-01-01,CLTCC0RX,3700,Yaoundé,Inconnu
VTEGKA1A,2024-01-01,CLTCC0RX,3700,Yaoundé,Inconnu
VTE3VB0E,2024-01-01,CLTIW8C1,38700,Yaoundé,Inconnu
VTENDAQU,2024-01-01,CLTTF1ZK,27500,Yaoundé,Inconnu
VTE73SNU,2024-01-01,CLTP9V0Z,21000,Yaoundé,Inconnu
VTESW5ML,2024-01-01,CLTSK5F3,53150,Yaoundé,Inconnu
VTEHUU3F,2024-01-01,CLTSK5F3,10500,Yaoundé,Inconnu
VTE37BGM,2024-01-01,CLT6WKC6,37500,Yaoundé,Inconnu
VTECXE78,2024-01-01,CLTC1CFJ,280000,Yaoundé,Inconnu
VTED7NNV,2024-01-01,CLTOX9K6,22050,Yaoundé,Inconnu
VTE26HLA,2024-01-01,CLTVJ7HQ,56600,Yaoundé,Inconnu
VTE7RBP4,2024-01-01,CLT60WPR,4797450,Yaoundé,Inconnu
