code,designation,prix,type_article,nature,classe,ville
MAT_645,"Dessin, Peinture, Coloriage : Je Pratique Le Dessin Et Le Coloriage (AFRICA EDUCATION)",1000,manuel,Homologué,Maternelle 1ère année,
MAT_5216,Langage : Mon Cahier D’activités De Langage 1ère Année (NATHAN),1000,manuel,Homologué,Maternelle 1ère année,
MAT_9498,Mathématiques : Mon Cahier D’activités De Mathématiques 1ère Année (NATHAN),1000,manuel,Homologué,Maternelle 1ère année,
MAT_645,"Dessin, Peinture, Coloriage : Je Pratique Le Dessin Et Le Coloriage (AFRICA EDUCATION)",1000,manuel,Homologué,Maternelle 2ème année,
MAT_4169,Langage : Les Majors En Activité De Langage Maternelle 2ème Année (ASVA),1000,manuel,Homologué,Maternelle 2ème année,
MAT_39,Mathématiques : Mon Cahier D’activités De Mathématiques 2ème Année (NATHAN),1000,manuel,Homologué,Maternelle 2ème année,
SIL_6382,Anglais : LIVRET D’ACTIVITE D’ANGLAIS ((GLOBAL INDUSTRIES),1000,manuel,Homologué,SIL,
SIL_7035,Anglais: INCLUSIVE ENGLISH SIL (GLOBAL INDUSTRIES),1800,manuel,Homologué,SIL,
SIL_3558,EDUCATION A LA CITOYENNETE (SIL/CP) (NATHAN),1500,manuel,Homologué,SIL,
SIL_5955,Ecriture : Graphisme Sil (AFRICA Education),1200,manuel,Homologué,SIL,
SIL_7427,Français : CHAMPIONS EN FRANÇAIS SIL (HACHETTE\CLE),1500,manuel,Homologué,SIL,
SIL_3114,"Français : LIVRET D’ACTIVITE DE FRANÇAIS, SIL (HACHETTE/CLE)",1300,manuel,Homologué,SIL,
SIL_9147,Lecture : Syllabaire SIL Et CP (AFRICA EDUCATION),1500,manuel,Homologué,SIL,
SIL_7580,Mathématique : LIVRET D’ACTIVITES DE MATHEMATIQUE SIL(NATHAN),1000,manuel,Homologué,SIL,
SIL_9493,Mathématiques : A VOS MATHS ! SIL (nathan),1500,manuel,Homologué,SIL,
SIL_3382,Science Et Technologie : MAJORS EN SCIENCE ET TECHNOLOGIE SIL (ASVA EDUCATION),1500,manuel,Homologué,SIL,
SIL_8446,TIC (SIL/CP) : LES BRILLANTS EN TIC. SIL ET CP (NMI EDUCATION),1500,manuel,Homologué,SIL,
CP_3363,Anglais : LES BRILLIANTS EN ENGLAIS CP (NMI EDUCATION),1800,manuel,Homologué,CP,
CP_8875,Anglais : Livret D’activités D’anglais CP (NMI EDUCATION),1200,manuel,Homologué,CP,
CP_3558,EDUCATION A LA CITOYENNETE (SIL/CP) (NATHAN),1500,manuel,Homologué,CP,
CP_869,Ecriture : MON CAHIER DE GRAPHISME (COSMOS),1200,manuel,Homologué,CP,
CP_8329,Français : Champions En Français CP (hachette/cle),1500,manuel,Homologué,CP,
CP_7651,"Français : LIVRET D’ACTIVITE DE FRANÇAIS CP, CP(HACHETTE/CLE)",1300,manuel,Homologué,CP,
CP_9147,Lecture : Syllabaire SIL Et CP (AFRICA EDUCATION),1500,manuel,Homologué,CP,
CP_1309,Mathématiques : A VOS MATHS ! (NATHAN),1500,manuel,Homologué,CP,
CP_5895,Mathématiques : LIVRET D’ACTIVITES DE MATHEMATIQUES CP (NATHAN),1250,manuel,Homologué,CP,
CP_8908,Science Et Technologie : MAJORS EN SCIENCE (ASVA),1500,manuel,Homologué,CP,
CP_513,TIC : LES BRILLANTS (SIL-CP) (NMI EDUCATION),1500,manuel,Homologué,CP,
CE _8337,Anglais : ANGLAIS CE1 (COSMOS),1800,manuel,Homologué,CE I,
CE _7533,Anglais : LIVRET D’ACTIVITES D’ANGLAIS (COSMOS),1100,manuel,Homologué,CE I,
CE _2832,Français : FRANÇAIS CE1 (NATHAN),1800,manuel,Homologué,CE I,
CE _5881,Français : LIVRET D’ACTIVITE DE FRANÇAIS CE1 (NATHAN),1150,manuel,Homologué,CE I,
CE _9673,Lecture : SYLLABAIRE CE1 ET CE2 (BELLES LETTRES),1500,manuel,Homologué,CE I,
CE _8745,Littérature : COMMENT ÇA VA BENJAMIN ? (AFRICA EDUCATION),1000,manuel,Homologué,CE I,
CE _740,Mathématiques : LIVRET D’ACTIVITE DE MATHEMATIQUES CE1(AFRICA EDUCATION),1150,manuel,Homologué,CE I,
CE _4312,Mathématiques : MATHEMATIQUES CE1 (AFRICA EDUCATION),1800,manuel,Homologué,CE I,
CE _5181,Science Et Technologie : SCIENCE ET TECHNOLOGIE CE1 (ASVA),1600,manuel,Homologué,CE I,
CE _2246,"Sciences Humaines Et Sociales : HISTOIRE, GEOGRAPHIE ET EDUCATION A LA CITOYENNETE CE1 (EDICEF)",1800,manuel,Homologué,CE I,
CE _4255,TIC : INFORMATIQUE (CE1-CE2) (COSMOS),1600,manuel,Homologué,CE I,
CE _8312,Anglais : LES BRILLANTS EN ANGLAIS (NMI Education),1800,manuel,Homologué,CE II,
CE _8968,Anglais : LIVRET D’ACTIVITES D’ANGLAIS CE2(NMI EDUCATION),1150,manuel,Homologué,CE II,
CE _519,Français : LES CHAMPIONS EN FRANÇAIS CE2 (EDICEF/CLE),1800,manuel,Homologué,CE II,
CE _6318,Français : LIVRET D’ACTIVITE DE FRANÇAIS (EDICEF/CLE),1300,manuel,Homologué,CE II,
CE _1892,Lecture : Syllabaire Ce1et CE2 (BELLES LETTRES),1500,manuel,Homologué,CE II,
CE _5547,Littérature : MON PROJET DE VIE (NMI EDUCATION),1000,manuel,Homologué,CE II,
CE _4860,Mathématiques : LIVRET D’ACTIVITE DE MATHEMATIQUES CE2(NATHAN),1150,manuel,Homologué,CE II,
CE _8323,Mathématiques : MATHEMATIQUES CE2 (NATHAN),1800,manuel,Homologué,CE II,
CE _2644,Science Et Technologie : SCIENCE ET TECHNOLOGIE CE2 (COSMOS),1600,manuel,Homologué,CE II,
CE _6610,"Sciences Humaines Et Sociales : HISTOIRE, GEOGRAPHIE ET EDUCATION A LA CITOYENNETE CE2 (EDICEF)",1800,manuel,Homologué,CE II,
CE _5954,TIC : INFORMATIQUE CE1 ET CE2 (COSMOS),1600,manuel,Homologué,CE II,
CM _7578,Anglais : ENGLISH CM1(ASVA),1900,manuel,Homologué,CM I,
CM _9056,Anglais : LIVRET D’ACTIVITES D’ANGLAIS CM1(NATHAN),1150,manuel,Homologué,CM I,
CM _716,Français : CHAMPIONS EN FRANÇAIS CM1 EDICEF/CLE,1900,manuel,Homologué,CM I,
CM _6318,Français : LIVRET D’ACTIVITE DE FRANÇAIS (EDICEF/CLE),1300,manuel,Homologué,CM I,
CM _6863,Littérature : LA NAISSANCE D’UNE GRANDE NATION LITTERATURE CM1(ECLOSION),1000,manuel,Homologué,CM I,
CM _5677,Mathématiques : Livret D’activité De Mathématiques Cm1(nathan),1000,manuel,Homologué,CM I,
CM _370,Mathématiques : MATHEMATIQUES CM1(NATHAN),1900,manuel,Homologué,CM I,
CM _4502,Science Et Technologie : SCIENCES ET TECHNOLOGIES CM1(NMI EDUCATION),1800,manuel,Homologué,CM I,
CM _1483,Sciences Humaines Et Sociales : SCIENCES HUMAINES ET SOCIALES(EDICEF),1850,manuel,Homologué,CM I,
CM _7189,TIC: TIC CM1 Et CM2 (MONDOUX),1800,manuel,Homologué,CM I,
CM _9161,Anglais : ANGLAIS CM2 (COSMOS),1900,manuel,Homologué,CM II,
CM _2926,Anglais : LIVRET D’ACTIVITES D’ANGLAIS CM2 (COSMOS),1200,manuel,Homologué,CM II,
CM _2269,Français : CHAMPIONS EN FRANÇAIS CM2 (EDICEF/CLE),1900,manuel,Homologué,CM II,
CM _3081,Français : LIVRET D’ACTIVITE DE FRANÇAIS CM1 (EDICEF/CLE),1300,manuel,Homologué,CM II,
CM _1738,Littérature : UNE NATION BENIE (ECLOSION),1000,manuel,Homologué,CM II,
CM _95,Mathématiques : LIVRET D’ACTIVITE DE MATHEMATIQUES CM2 (AFRICA EDUCATION),1250,manuel,Homologué,CM II,
CM _5887,Mathématiques : MATHEMATIQUES CM2 (AFRICA EDUCATION),1900,manuel,Homologué,CM II,
CM _389,Science Et Technologie : SCIENCE ET TECHNOLOGIE (COSMOS),1800,manuel,Homologué,CM II,
CM _2087,Sciences Humaines Et Sociales : SCIENCES HUMAINES ET SOCIALES (EDICEF),1850,manuel,Homologué,CM II,
CM _2872,TIC: TIC CM1-CM2 (mondoux),1800,manuel,Homologué,CM II,
6E_5794,EDUCATION A LA CITOYENNETE 6ème/5ème (MONDOUX),3500,manuel,Homologué,6e,
6E_5933,Informatique : INFORMATIQUE 6EME (ECLOSION),3500,manuel,Homologué,6e,
6E_8019,Mathématiques : MATHEMATIQUES 6EME (MONDOUX),4000,manuel,Homologué,6e,
6E_8118,Sciences : SCIENCES 6 EME (AFRICA EDUCATION),5000,manuel,Homologué,6e,
5E_5062,Anglais: ANGLAISE 5EME (AFRICA EDUCATION),4500,manuel,Homologué,5e,
5E_1069,Education À La Citoyenneté 6ème/5ème (mondoux),3500,manuel,Homologué,5e,
5E_4724,Géographie: PLANETE CAMEROUN 5EME (EDICEF ERA),4300,manuel,Homologué,5e,
5E_7328,HISTOIRE: PLANETE CAMEROUN 5 /6 EME (HATIER ERA),4200,manuel,Homologué,5e,
5E_5054,Informatique : INFORMATIQUE 5 EME (NMI),4000,manuel,Homologué,5e,
5E_5537,Langue Française : FRANÇAIS 5EME (AFRICA EDUCATION),4500,manuel,Homologué,5e,
5E_5105,Latin: LATINISTAS 6/5 EME(ECLOISION),5000,manuel,Homologué,5e,
5E_7841,L’ARBRE FETICHE (CLE),2000,manuel,Homologué,5e,
5E_3536,Mathématiques : Mathématiques 5EME (COSMOS),4200,manuel,Homologué,5e,
5E_9069,"N’KUM-WAM, LE HUITIEME NOTABLE(AFREDIT)",2000,manuel,Homologué,5e,
5E_2270,PERE INCONNU (EDICEF / NEA),2000,manuel,Homologué,5e,
5E_6975,Sciences : SCIENCE 5EME (CLE),4000,manuel,Homologué,5e,
4E _1255,Allemand : ERWACHEN/ALLEMAND 4EME (NMI),4500,manuel,Homologué,4e ALL,
4E _3207,Anglais : LEVEIL EN ANGLAIS 4 EME (NMI),4000,manuel,Homologué,4e ALL,
4E _5647,CŒUR DU SAHEL (PROXIMITE),2500,manuel,Homologué,4e ALL,
4E _4476,Education À La Citoyenneté 4ème Et 3ème /. (mondoux),3500,manuel,Homologué,4e ALL,
4E _6102,Grec : Je Découvre La Langue Grec 4/ EME(ECLOSION),5000,manuel,Homologué,4e ALL,
4E _307,Géographie : Planète Cameroun 4ème (EDICEF ERA),4300,manuel,Homologué,4e ALL,
4E _434,Histoire : Planète Cameroun. Histoire 4ème (HATIER ERA),3700,manuel,Homologué,4e ALL,
4E _2808,Informatique : INFORMATIQUE 4EME (ECLOSION),4000,manuel,Homologué,4e ALL,
4E _4107,LATTACHEMENT AU SOL NATAL (IFRIKIYA),1900,manuel,Homologué,4e ALL,
4E _6196,Langue Française : Français 4ème (AFRICA EDUCATION),5000,manuel,Homologué,4e ALL,
4E _7888,Latin : LATINISTAS 4/5 EME (ECLOSION),5000,manuel,Homologué,4e ALL,
4E _7683,Mathématiques : MATHEMATIQUES 4EME (belles Lettres),4500,manuel,Homologué,4e ALL,
4E _4888,"Physique, Chimie, Technologie 4EME (NMI)",4200,manuel,Homologué,4e ALL,
4E _4136,SVTEEHB : SVTEHB 4EME (MONDOUX),4000,manuel,Homologué,4e ALL,
4E _767,"Trois Prétendants, Un Mari (CLE)",2500,manuel,Homologué,4e ALL,
4E _3207,Anglais : LEVEIL EN ANGLAIS 4 EME (NMI),4000,manuel,Homologué,4e CHINOIS,
4E _1759,Chinois : JAIME LE CHINOIS 4EME (AFRICA EDUCATION),5500,manuel,Homologué,4e CHINOIS,
4E _5647,CŒUR DU SAHEL (PROXIMITE),2500,manuel,Homologué,4e CHINOIS,
4E _4476,Education À La Citoyenneté 4ème Et 3ème /. (mondoux),3500,manuel,Homologué,4e CHINOIS,
4E _1027,Grec : Je Découvre La Langue Grec 4/5 EME(ECLOSION),5000,manuel,Homologué,4e CHINOIS,
4E _307,Géographie : Planète Cameroun 4ème (EDICEF ERA),4300,manuel,Homologué,4e CHINOIS,
4E _434,Histoire : Planète Cameroun. Histoire 4ème (HATIER ERA),3700,manuel,Homologué,4e CHINOIS,
4E _2808,Informatique : INFORMATIQUE 4EME (ECLOSION),4000,manuel,Homologué,4e CHINOIS,
4E _6196,Langue Française : Français 4ème (AFRICA EDUCATION),5000,manuel,Homologué,4e CHINOIS,
4E _3372,Latin : LATINISTAS 4/3EME (ECLOSION),5000,manuel,Homologué,4e CHINOIS,
4E _8184,L’ATTACHEMENT AU SOL NATAL (IFRIKIYA),1900,manuel,Homologué,4e CHINOIS,
4E _7683,Mathématiques : MATHEMATIQUES 4EME (belles Lettres),4500,manuel,Homologué,4e CHINOIS,
4E _4888,"Physique, Chimie, Technologie 4EME (NMI)",4200,manuel,Homologué,4e CHINOIS,
4E _4136,SVTEEHB : SVTEHB 4EME (MONDOUX),4000,manuel,Homologué,4e CHINOIS,
4E _767,"Trois Prétendants, Un Mari (CLE)",2500,manuel,Homologué,4e CHINOIS,
4E _3207,Anglais : LEVEIL EN ANGLAIS 4 EME (NMI),4000,manuel,Homologué,4e ESP,
4E _5647,CŒUR DU SAHEL (PROXIMITE),2500,manuel,Homologué,4e ESP,
4E _4476,Education À La Citoyenneté 4ème Et 3ème /. (mondoux),3500,manuel,Homologué,4e ESP,
4E _944,Espagnole: NUEVA DIDACTICA DEL ESPANOL I (HABIBI),5500,manuel,Homologué,4e ESP,
4E _1027,Grec : Je Découvre La Langue Grec 4/5 EME(ECLOSION),5000,manuel,Homologué,4e ESP,
4E _307,Géographie : Planète Cameroun 4ème (EDICEF ERA),4300,manuel,Homologué,4e ESP,
4E _434,Histoire : Planète Cameroun. Histoire 4ème (HATIER ERA),3700,manuel,Homologué,4e ESP,
4E _2808,Informatique : INFORMATIQUE 4EME (ECLOSION),4000,manuel,Homologué,4e ESP,
4E _4107,LATTACHEMENT AU SOL NATAL (IFRIKIYA),1900,manuel,Homologué,4e ESP,
4E _6196,Langue Française : Français 4ème (AFRICA EDUCATION),5000,manuel,Homologué,4e ESP,
4E _4046,Latin : LATINISTAS 4/3 EME (ECLOSION),5000,manuel,Homologué,4e ESP,
4E _7683,Mathématiques : MATHEMATIQUES 4EME (belles Lettres),4500,manuel,Homologué,4e ESP,
4E _4888,"Physique, Chimie, Technologie 4EME (NMI)",4200,manuel,Homologué,4e ESP,
4E _4136,SVTEEHB : SVTEHB 4EME (MONDOUX),4000,manuel,Homologué,4e ESP,
4E _767,"Trois Prétendants, Un Mari (CLE)",2500,manuel,Homologué,4e ESP,
4E _3207,Anglais : LEVEIL EN ANGLAIS 4 EME (NMI),4000,manuel,Homologué,4e ITALIEN,
4E _5647,CŒUR DU SAHEL (PROXIMITE),2500,manuel,Homologué,4e ITALIEN,
4E _4476,Education À La Citoyenneté 4ème Et 3ème /. (mondoux),3500,manuel,Homologué,4e ITALIEN,
4E _1027,Grec : Je Découvre La Langue Grec 4/5 EME(ECLOSION),5000,manuel,Homologué,4e ITALIEN,
4E _307,Géographie : Planète Cameroun 4ème (EDICEF ERA),4300,manuel,Homologué,4e ITALIEN,
4E _434,Histoire : Planète Cameroun. Histoire 4ème (HATIER ERA),3700,manuel,Homologué,4e ITALIEN,
4E _2808,Informatique : INFORMATIQUE 4EME (ECLOSION),4000,manuel,Homologué,4e ITALIEN,
4E _4297,Italien : DIDACTICA DEL ITALIANO (L’HARMATTAN ),3000,manuel,Homologué,4e ITALIEN,
4E _4107,LATTACHEMENT AU SOL NATAL (IFRIKIYA),1900,manuel,Homologué,4e ITALIEN,
4E _6196,Langue Française : Français 4ème (AFRICA EDUCATION),5000,manuel,Homologué,4e ITALIEN,
4E _4046,Latin : LATINISTAS 4/3 EME (ECLOSION),5000,manuel,Homologué,4e ITALIEN,
4E _7683,Mathématiques : MATHEMATIQUES 4EME (belles Lettres),4500,manuel,Homologué,4e ITALIEN,
4E _4888,"Physique, Chimie, Technologie 4EME (NMI)",4200,manuel,Homologué,4e ITALIEN,
4E _4136,SVTEEHB : SVTEHB 4EME (MONDOUX),4000,manuel,Homologué,4e ITALIEN,
4E _767,"Trois Prétendants, Un Mari (CLE)",2500,manuel,Homologué,4e ITALIEN,
3E _1586,ALLEMAND : ERWACHEN / ALLEMAND 3EME (NMI),4500,manuel,Homologué,3e ALL,
3E _1529,Anglais : L’EVEIL EN ANGLAIS (NMI),4500,manuel,Homologué,3e ALL,
3E _8941,Education À La Citoyenneté 4ème Et 3ème (mondoux),3500,manuel,Homologué,3e ALL,
3E _8177,Grec : Je Découvre La Langue Grecque 4/5EME(ECLOSION),5000,manuel,Homologué,3e ALL,
3E _2314,Géographie : Planète Cameroun 3eme(edicef),4300,manuel,Homologué,3e ALL,
3E _9426,Histoire : Planète Cameroun 3EME (hatier),3700,manuel,Homologué,3e ALL,
3E _5419,Informatique : INFORMATIQUE 3ème (ECLOSION),4000,manuel,Homologué,3e ALL,
3E _7358,LA MARMITE DE KOKA MBALA (CLE),1700,manuel,Homologué,3e ALL,
3E _4976,Langue Française : Français 3ème (AFRICA EDUCATION),5000,manuel,Homologué,3e ALL,
3E _4046,Latin : LATINISTAS 4/3 EME (ECLOSION),5000,manuel,Homologué,3e ALL,
3E _299,Mathématiques : MATHEMATIQUES 3EME (D AND L),4500,manuel,Homologué,3e ALL,
3E _7185,Petites Gouttes De Chant Pour Créer L’homme (CLE),2000,manuel,Homologué,3e ALL,
3E _1117,"Physique, Chimie, Technologie 3EME (WISDOM)",4500,manuel,Homologué,3e ALL,
3E _7726,Sciences: SVTEHB 3EME (AFRICA EDUCATION),5000,manuel,Homologué,3e ALL,
3E _5900,VILLE CRUELLE (PRESENCE AFRIC),2500,manuel,Homologué,3e ALL,
3E _1529,Anglais : L’EVEIL EN ANGLAIS (NMI),4500,manuel,Homologué,3e CHINOIS,
3E _8881,Chinois : JAIME LE CHINOIS 3EME (AFRICA EDUCATION),4000,manuel,Homologué,3e CHINOIS,
3E _8941,Education À La Citoyenneté 4ème Et 3ème (mondoux),3500,manuel,Homologué,3e CHINOIS,
3E _8177,Grec : Je Découvre La Langue Grecque 4/5EME(ECLOSION),5000,manuel,Homologué,3e CHINOIS,
3E _2314,Géographie : Planète Cameroun 3eme(edicef),4300,manuel,Homologué,3e CHINOIS,
3E _9426,Histoire : Planète Cameroun 3EME (hatier),3700,manuel,Homologué,3e CHINOIS,
3E _5419,Informatique : INFORMATIQUE 3ème (ECLOSION),4000,manuel,Homologué,3e CHINOIS,
3E _7358,LA MARMITE DE KOKA MBALA (CLE),1700,manuel,Homologué,3e CHINOIS,
3E _4976,Langue Française : Français 3ème (AFRICA EDUCATION),5000,manuel,Homologué,3e CHINOIS,
3E _4046,Latin : LATINISTAS 4/3 EME (ECLOSION),5000,manuel,Homologué,3e CHINOIS,
3E _299,Mathématiques : MATHEMATIQUES 3EME (D AND L),4500,manuel,Homologué,3e CHINOIS,
3E _7185,Petites Gouttes De Chant Pour Créer L’homme (CLE),2000,manuel,Homologué,3e CHINOIS,
3E _1117,"Physique, Chimie, Technologie 3EME (WISDOM)",4500,manuel,Homologué,3e CHINOIS,
3E _7726,Sciences: SVTEHB 3EME (AFRICA EDUCATION),5000,manuel,Homologué,3e CHINOIS,
3E _5900,VILLE CRUELLE (PRESENCE AFRIC),2500,manuel,Homologué,3e CHINOIS,
3E _1529,Anglais : L’EVEIL EN ANGLAIS (NMI),4500,manuel,Homologué,3e ESP,
3E _8941,Education À La Citoyenneté 4ème Et 3ème (mondoux),3500,manuel,Homologué,3e ESP,
3E _9179,Espagnole : NUEVA DIDACTICA DEL ESPANOL 2 (HABIBI),5500,manuel,Homologué,3e ESP,
3E _8177,Grec : Je Découvre La Langue Grecque 4/5EME(ECLOSION),5000,manuel,Homologué,3e ESP,
3E _2314,Géographie : Planète Cameroun 3eme(edicef),4300,manuel,Homologué,3e ESP,
3E _9426,Histoire : Planète Cameroun 3EME (hatier),3700,manuel,Homologué,3e ESP,
3E _5419,Informatique : INFORMATIQUE 3ème (ECLOSION),4000,manuel,Homologué,3e ESP,
3E _7358,LA MARMITE DE KOKA MBALA (CLE),1700,manuel,Homologué,3e ESP,
3E _4976,Langue Française : Français 3ème (AFRICA EDUCATION),5000,manuel,Homologué,3e ESP,
3E _4046,Latin : LATINISTAS 4/3 EME (ECLOSION),5000,manuel,Homologué,3e ESP,
3E _299,Mathématiques : MATHEMATIQUES 3EME (D AND L),4500,manuel,Homologué,3e ESP,
3E _7185,Petites Gouttes De Chant Pour Créer L’homme (CLE),2000,manuel,Homologué,3e ESP,
3E _1117,"Physique, Chimie, Technologie 3EME (WISDOM)",4500,manuel,Homologué,3e ESP,
3E _7726,Sciences: SVTEHB 3EME (AFRICA EDUCATION),5000,manuel,Homologué,3e ESP,
3E _5900,VILLE CRUELLE (PRESENCE AFRIC),2500,manuel,Homologué,3e ESP,
3E _1529,Anglais : L’EVEIL EN ANGLAIS (NMI),4500,manuel,Homologué,3e ITALIEN,
3E _8941,Education À La Citoyenneté 4ème Et 3ème (mondoux),3500,manuel,Homologué,3e ITALIEN,
3E _8177,Grec : Je Découvre La Langue Grecque 4/5EME(ECLOSION),5000,manuel,Homologué,3e ITALIEN,
3E _2314,Géographie : Planète Cameroun 3eme(edicef),4300,manuel,Homologué,3e ITALIEN,
3E _9426,Histoire : Planète Cameroun 3EME (hatier),3700,manuel,Homologué,3e ITALIEN,
3E _5419,Informatique : INFORMATIQUE 3ème (ECLOSION),4000,manuel,Homologué,3e ITALIEN,
3E _3990,Italien : DIDACTICA DEL ITALIANO (LHARMATTAN),3500,manuel,Homologué,3e ITALIEN,
3E _7358,LA MARMITE DE KOKA MBALA (CLE),1700,manuel,Homologué,3e ITALIEN,
3E _4976,Langue Française : Français 3ème (AFRICA EDUCATION),5000,manuel,Homologué,3e ITALIEN,
3E _4046,Latin : LATINISTAS 4/3 EME (ECLOSION),5000,manuel,Homologué,3e ITALIEN,
3E _299,Mathématiques : MATHEMATIQUES 3EME (D AND L),4500,manuel,Homologué,3e ITALIEN,
3E _7185,Petites Gouttes De Chant Pour Créer L’homme (CLE),2000,manuel,Homologué,3e ITALIEN,
3E _1117,"Physique, Chimie, Technologie 3EME (WISDOM)",4500,manuel,Homologué,3e ITALIEN,
3E _7726,Sciences: SVTEHB 3EME (AFRICA EDUCATION),5000,manuel,Homologué,3e ITALIEN,
3E _5900,VILLE CRUELLE (PRESENCE AFRIC),2500,manuel,Homologué,3e ITALIEN,
2DE_4884,Allemand : IHR Und WIR Plus 3 (HUEBER),6000,manuel,Homologué,2de A4 & SES (ALL),
2DE_7433,Anglais : INTERACTIONS IN ENGLISH (CAMBRIDGE),5000,manuel,Homologué,2de A4 & SES (ALL),
2DE_9441,Education À La Citoyenneté : EDUCATION A LA CITOYENNETE ET A LA MORALE (MONDOUX),3000,manuel,Homologué,2de A4 & SES (ALL),
2DE_6726,HISTOIRE : Le Monde. De La Préhistoire Au Moyen-âge (CLE),4000,manuel,Homologué,2de A4 & SES (ALL),
2DE_1897,Informatique : L’excellence En Informatique (NMI),3100,manuel,Homologué,2de A4 & SES (ALL),
2DE_3762,Langue Française : Langue Et Méthode Au 2nd Cycle (afric’educ),5000,manuel,Homologué,2de A4 & SES (ALL),
2DE_7745,Les Tribus De Capitoline (CLE),3000,manuel,Homologué,2de A4 & SES (ALL),
2DE_7670,Mathématiques : L’excellence En Mathématiques (NMI),4500,manuel,Homologué,2de A4 & SES (ALL),
2DE_6790,Philosophie : L’excellence En Philosophie (NMI),4000,manuel,Homologué,2de A4 & SES (ALL),
2DE_7191,Poèmes Sauvages Éclairés Au Feu De Brousse (les Classiques Iv),1700,manuel,Homologué,2de A4 & SES (ALL),
2DE_9326,Sciences : Sciences (CLE),3500,manuel,Homologué,2de A4 & SES (ALL),
2DE_4680,TARTUFFE (BELLES LETTRES),2000,manuel,Homologué,2de A4 & SES (ALL),
2DE_3781,Anglais: INTERACTIONS IN ENGLISH (CAMBRIDGE),5000,manuel,Homologué,2de A4 & SES (CHINOIS),
2DE_8307,Chinois : BONJOUR CAMEROUN 3 (D/L),3500,manuel,Homologué,2de A4 & SES (CHINOIS),
2DE_9441,Education À La Citoyenneté : EDUCATION A LA CITOYENNETE ET A LA MORALE (MONDOUX),3000,manuel,Homologué,2de A4 & SES (CHINOIS),
2DE_6726,HISTOIRE : Le Monde. De La Préhistoire Au Moyen-âge (CLE),4000,manuel,Homologué,2de A4 & SES (CHINOIS),
2DE_1897,Informatique : L’excellence En Informatique (NMI),3100,manuel,Homologué,2de A4 & SES (CHINOIS),
2DE_3762,Langue Française : Langue Et Méthode Au 2nd Cycle (afric’educ),5000,manuel,Homologué,2de A4 & SES (CHINOIS),
2DE_7745,Les Tribus De Capitoline (CLE),3000,manuel,Homologué,2de A4 & SES (CHINOIS),
2DE_7670,Mathématiques : L’excellence En Mathématiques (NMI),4500,manuel,Homologué,2de A4 & SES (CHINOIS),
2DE_6790,Philosophie : L’excellence En Philosophie (NMI),4000,manuel,Homologué,2de A4 & SES (CHINOIS),
2DE_7191,Poèmes Sauvages Éclairés Au Feu De Brousse (les Classiques Iv),1700,manuel,Homologué,2de A4 & SES (CHINOIS),
2DE_9326,Sciences : Sciences (CLE),3500,manuel,Homologué,2de A4 & SES (CHINOIS),
2DE_4680,TARTUFFE (BELLES LETTRES),2000,manuel,Homologué,2de A4 & SES (CHINOIS),
2DE_8731,Anglais: INTERACTIONS IN ENGLISH (CAMBRIDGE,5000,manuel,Homologué,2de A4 & SES (ESP),
2DE_9441,Education À La Citoyenneté : EDUCATION A LA CITOYENNETE ET A LA MORALE (MONDOUX),3000,manuel,Homologué,2de A4 & SES (ESP),
2DE_9323,Espagnole : NUEVA DIDACTICA DEL ESPANOL III (HABIBI),4900,manuel,Homologué,2de A4 & SES (ESP),
2DE_6726,HISTOIRE : Le Monde. De La Préhistoire Au Moyen-âge (CLE),4000,manuel,Homologué,2de A4 & SES (ESP),
2DE_1897,Informatique : L’excellence En Informatique (NMI),3100,manuel,Homologué,2de A4 & SES (ESP),
2DE_3762,Langue Française : Langue Et Méthode Au 2nd Cycle (afric’educ),5000,manuel,Homologué,2de A4 & SES (ESP),
2DE_7745,Les Tribus De Capitoline (CLE),3000,manuel,Homologué,2de A4 & SES (ESP),
2DE_7670,Mathématiques : L’excellence En Mathématiques (NMI),4500,manuel,Homologué,2de A4 & SES (ESP),
2DE_6790,Philosophie : L’excellence En Philosophie (NMI),4000,manuel,Homologué,2de A4 & SES (ESP),
2DE_7191,Poèmes Sauvages Éclairés Au Feu De Brousse (les Classiques Iv),1700,manuel,Homologué,2de A4 & SES (ESP),
2DE_9326,Sciences : Sciences (CLE),3500,manuel,Homologué,2de A4 & SES (ESP),
2DE_7459,TARTUFFE (BELLES LETTRES,2000,manuel,Homologué,2de A4 & SES (ESP),
2DE_3781,Anglais: INTERACTIONS IN ENGLISH (CAMBRIDGE),5000,manuel,Homologué,2de AC,
2DE_9441,Education À La Citoyenneté : EDUCATION A LA CITOYENNETE ET A LA MORALE (MONDOUX),3000,manuel,Homologué,2de AC,
2DE_6726,HISTOIRE : Le Monde. De La Préhistoire Au Moyen-âge (CLE),4000,manuel,Homologué,2de AC,
2DE_1414,Initiation Aux Arts Cinématographiques (terre Africaine),5000,manuel,Homologué,2de AC,
2DE_3762,Langue Française : Langue Et Méthode Au 2nd Cycle (afric’educ),5000,manuel,Homologué,2de AC,
2DE_7745,Les Tribus De Capitoline (CLE),3000,manuel,Homologué,2de AC,
2DE_6191,MATHEMATIQUES : L’EXCELLENCE EN MATHEMATIQUES (NMI),5500,manuel,Homologué,2de AC,
2DE_5775,"PHYSIQUE, CHIMIE : L’EXCELLENCE EN PHYSIQUE-CHIMIE (NMI)",6000,manuel,Homologué,2de AC,
2DE_6790,Philosophie : L’excellence En Philosophie (NMI),4000,manuel,Homologué,2de AC,
2DE_7191,Poèmes Sauvages Éclairés Au Feu De Brousse (les Classiques Iv),1700,manuel,Homologué,2de AC,
2DE_7871,SVTEEHB (CLE),5000,manuel,Homologué,2de AC,
2DE_4680,TARTUFFE (BELLES LETTRES),2000,manuel,Homologué,2de AC,
2DE_3781,Anglais: INTERACTIONS IN ENGLISH (CAMBRIDGE),5000,manuel,Homologué,2de C & E,
2DE_9441,Education À La Citoyenneté : EDUCATION A LA CITOYENNETE ET A LA MORALE (MONDOUX),3000,manuel,Homologué,2de C & E,
2DE_6726,HISTOIRE : Le Monde. De La Préhistoire Au Moyen-âge (CLE),4000,manuel,Homologué,2de C & E,
2DE_2014,Informatique : L’EXCELLENCE EN INFORMATIQUE (NMI),3100,manuel,Homologué,2de C & E,
2DE_3762,Langue Française : Langue Et Méthode Au 2nd Cycle (afric’educ),5000,manuel,Homologué,2de C & E,
2DE_7745,Les Tribus De Capitoline (CLE),3000,manuel,Homologué,2de C & E,
2DE_4547,Mathématiques : L’EXCELLENCE EN MATHEMATIQUES (NMI),5500,manuel,Homologué,2de C & E,
2DE_6790,Philosophie : L’excellence En Philosophie (NMI),4000,manuel,Homologué,2de C & E,
2DE_5139,"Physique, Chimie : L’EXCELLENCE EN PHYSIQUE-CHIMIE (NMI)",6000,manuel,Homologué,2de C & E,
2DE_7191,Poèmes Sauvages Éclairés Au Feu De Brousse (les Classiques Iv),1700,manuel,Homologué,2de C & E,
2DE_7871,SVTEEHB (CLE),5000,manuel,Homologué,2de C & E,
2DE_4680,TARTUFFE (BELLES LETTRES),2000,manuel,Homologué,2de C & E,
1RE_939,AU CŒUR DES TENEBRES (ECLOSION),1900,manuel,Homologué,1re A4 & SES (ALL),
1RE_939,AU CŒUR DES TENEBRES (ECLOSION),1900,manuel,Homologué,1re A4 & SES (ALL),
1RE_1467,Allemand: Deutsch In Africa (ABID),5000,manuel,Homologué,1re A4 & SES (ALL),
1RE_3781,Anglais: INTERACTIONS IN ENGLISH (CAMBRIDGE),4500,manuel,Homologué,1re A4 & SES (ALL),
1RE_3781,Anglais: INTERACTIONS IN ENGLISH (CAMBRIDGE),4500,manuel,Homologué,1re A4 & SES (ALL),
1RE_2154,Balafon (CLE),1800,manuel,Homologué,1re A4 & SES (ALL),
1RE_2154,Balafon (CLE),1800,manuel,Homologué,1re A4 & SES (ALL),
1RE_2222,Education À La Citoyenneté 1ère S (mondoux),3000,manuel,Homologué,1re A4 & SES (ALL),
1RE_5484,HISTOIRE : Le Monde. De La Fin Du Xvie Siècle À 1939 (CLE),4500,manuel,Homologué,1re A4 & SES (ALL),
1RE_587,"Informatique : A La Conquête De L’informatique, 1ères ENSG Et ENSG Technique (R.LUSTRAL)",3400,manuel,Homologué,1re A4 & SES (ALL),
1RE_6332,LE LION ET LA PERLE(CLE),1700,manuel,Homologué,1re A4 & SES (ALL),
1RE_6332,LE LION ET LA PERLE(CLE),1700,manuel,Homologué,1re A4 & SES (ALL),
1RE_3762,Langue Française : Langue Et Méthode Au 2nd Cycle (afric’educ),5000,manuel,Homologué,1re A4 & SES (ALL),
1RE_4759,Mathématiques : Majors En Mathématiques (ASVA),3500,manuel,Homologué,1re A4 & SES (ALL),
1RE_7201,PHILOSOPHIE. 1ERES LITTERAIRES (mondoux),4500,manuel,Homologué,1re A4 & SES (ALL),
1RE_7201,PHILOSOPHIE. 1ERES LITTERAIRES (mondoux),4500,manuel,Homologué,1re A4 & SES (ALL),
1RE_9326,Sciences : Sciences (CLE),5000,manuel,Homologué,1re A4 & SES (ALL),
1RE_4624,Chinois : BONJOUR CAMEROUN 4 (D/L),3500,manuel,Homologué,1re A4 & SES (CHINOIS),
1RE_2222,Education À La Citoyenneté 1ère S (mondoux),3000,manuel,Homologué,1re A4 & SES (CHINOIS),
1RE_5484,HISTOIRE : Le Monde. De La Fin Du Xvie Siècle À 1939 (CLE),4500,manuel,Homologué,1re A4 & SES (CHINOIS),
1RE_4188,"Informatique : A La Conquête De L’informatique, 1ères ENSG Et ENSG Technique (R. LUSTRAL)",3400,manuel,Homologué,1re A4 & SES (CHINOIS),
1RE_4759,Mathématiques : Majors En Mathématiques (ASVA),3500,manuel,Homologué,1re A4 & SES (CHINOIS),
1RE_9326,Sciences : Sciences (CLE),5000,manuel,Homologué,1re A4 & SES (CHINOIS),
1RE_939,AU CŒUR DES TENEBRES (ECLOSION),1900,manuel,Homologué,1re A4 & SES (ESP),
1RE_3781,Anglais: INTERACTIONS IN ENGLISH (CAMBRIDGE),4500,manuel,Homologué,1re A4 & SES (ESP),
1RE_2154,Balafon (CLE),1800,manuel,Homologué,1re A4 & SES (ESP),
1RE_2222,Education À La Citoyenneté 1ère S (mondoux),3000,manuel,Homologué,1re A4 & SES (ESP),
1RE_1811,Espagnole : NUEVA DIDACTICA DEL ESPANOL IV (HABIBI),5900,manuel,Homologué,1re A4 & SES (ESP),
1RE_5484,HISTOIRE : Le Monde. De La Fin Du Xvie Siècle À 1939 (CLE),4500,manuel,Homologué,1re A4 & SES (ESP),
1RE_587,"Informatique : A La Conquête De L’informatique, 1ères ENSG Et ENSG Technique (R.LUSTRAL)",3400,manuel,Homologué,1re A4 & SES (ESP),
1RE_6332,LE LION ET LA PERLE(CLE),1700,manuel,Homologué,1re A4 & SES (ESP),
1RE_3762,Langue Française : Langue Et Méthode Au 2nd Cycle (afric’educ),5000,manuel,Homologué,1re A4 & SES (ESP),
1RE_3762,Langue Française : Langue Et Méthode Au 2nd Cycle (afric’educ),5000,manuel,Homologué,1re A4 & SES (ESP),
1RE_4759,Mathématiques : Majors En Mathématiques (ASVA),3500,manuel,Homologué,1re A4 & SES (ESP),
1RE_7201,PHILOSOPHIE. 1ERES LITTERAIRES (mondoux),4500,manuel,Homologué,1re A4 & SES (ESP),
1RE_9326,Sciences : Sciences (CLE),5000,manuel,Homologué,1re A4 & SES (ESP),
1RE_939,AU CŒUR DES TENEBRES (ECLOSION),1900,manuel,Homologué,1re C & E,
1RE_3781,Anglais: INTERACTIONS IN ENGLISH (CAMBRIDGE),4500,manuel,Homologué,1re C & E,
1RE_2154,Balafon (CLE),1800,manuel,Homologué,1re C & E,
1RE_2895,Chimie : L’excellence En Chimie (NMI),4500,manuel,Homologué,1re C & E,
1RE_2222,Education À La Citoyenneté 1ère S (mondoux),3000,manuel,Homologué,1re C & E,
1RE_5484,HISTOIRE : Le Monde. De La Fin Du Xvie Siècle À 1939 (CLE),4500,manuel,Homologué,1re C & E,
1RE_7278,Informatique : A La Conquête De L’informatique (R. LUSTRAL),3600,manuel,Homologué,1re C & E,
1RE_6332,LE LION ET LA PERLE(CLE),1700,manuel,Homologué,1re C & E,
1RE_3762,Langue Française : Langue Et Méthode Au 2nd Cycle (afric’educ),5000,manuel,Homologué,1re C & E,
1RE_7670,Mathématiques : L’excellence En Mathématiques (NMI),6500,manuel,Homologué,1re C & E,
1RE_9678,PHILOSOPHIE. 1ERE SCIENTIFIQUE (mondoux),3000,manuel,Homologué,1re C & E,
1RE_1565,Physique : L’excellence En Physique 1ère C Et D (NMI),5000,manuel,Homologué,1re C & E,
1RE_7510,SVTEEHB : L’excellence En SVTEEHB 1ère C/TI/E (NMI),6500,manuel,Homologué,1re C & E,
1RE_939,AU CŒUR DES TENEBRES (ECLOSION),1900,manuel,Homologué,1re D & TI,
1RE_3781,Anglais: INTERACTIONS IN ENGLISH (CAMBRIDGE),4500,manuel,Homologué,1re D & TI,
1RE_2154,Balafon (CLE),1800,manuel,Homologué,1re D & TI,
1RE_2895,Chimie : L’excellence En Chimie (NMI),4500,manuel,Homologué,1re D & TI,
1RE_2222,Education À La Citoyenneté 1ère S (mondoux),3000,manuel,Homologué,1re D & TI,
1RE_5484,HISTOIRE : Le Monde. De La Fin Du Xvie Siècle À 1939 (CLE),4500,manuel,Homologué,1re D & TI,
1RE_7278,Informatique : A La Conquête De L’informatique (R. LUSTRAL),3600,manuel,Homologué,1re D & TI,
1RE_6332,LE LION ET LA PERLE(CLE),1700,manuel,Homologué,1re D & TI,
1RE_3762,Langue Française : Langue Et Méthode Au 2nd Cycle (afric’educ),5000,manuel,Homologué,1re D & TI,
1RE_1894,Mathématiques : Mathématiques 1ère D Et TI (CEPER),5500,manuel,Homologué,1re D & TI,
1RE_414,PHILOSOPHIE. 1ERES SCIENTIFIQUE (mondoux),3000,manuel,Homologué,1re D & TI,
1RE_1565,Physique : L’excellence En Physique 1ère C Et D (NMI),5000,manuel,Homologué,1re D & TI,
1RE_9933,SVTEEHB : SVTEEHB (CLE),6500,manuel,Homologué,1re D & TI,
TLE_4730,Allemand : IHR Und WIR Plus 4 (HUEBER),5000,manuel,Homologué,Tle A4 (ALL),
TLE_8084,Anglais: INTERACTION IN ENGLISH (CAMBRIDGE),5000,manuel,Homologué,Tle A4 (ALL),
TLE_3274,De La Médiocrité À L’excellence (CLE),3000,manuel,Homologué,Tle A4 (ALL),
TLE_2042,Education À La Citoyenneté : Emergeons En Éducation À La Citoyenneté (MONDOUX),3900,manuel,Homologué,Tle A4 (ALL),
TLE_8314,Essai Sur La Problématique Philosophique En Afrique (CLE),1800,manuel,Homologué,Tle A4 (ALL),
TLE_533,HISTOIRE Tles (CAMBRIDGE),5000,manuel,Homologué,Tle A4 (ALL),
TLE_2700,"Informatique : A La Conquête De L’informatique, Niveau 7 (R. LUSTRAL)",3500,manuel,Homologué,Tle A4 (ALL),
TLE_9743,LE VIEUX NEGRE ET LA MEDAILLE (EDICEF),2500,manuel,Homologué,Tle A4 (ALL),
TLE_3762,Langue Française : Langue Et Méthode Au 2nd Cycle (afric’educ),5000,manuel,Homologué,Tle A4 (ALL),
TLE_4759,Mathématiques : Majors En Mathématiques (ASVA),3900,manuel,Homologué,Tle A4 (ALL),
TLE_9698,Ngum A Jemea. La Foi Inébranlable De Rudolf Dualla Manga Bell (CICD),3000,manuel,Homologué,Tle A4 (ALL),
TLE_9913,Philosophie : Emergeons En Philosophie. Tles Littéraires (MONDOUX),7800,manuel,Homologué,Tle A4 (ALL),
TLE_6067,STANCES ET POEMES SUIVI DE LES EPREUVES (ECLOSION),1900,manuel,Homologué,Tle A4 (ALL),
TLE_7040,Sciences Tles Littéraires : L’excellence En Sciences (NMI),4000,manuel,Homologué,Tle A4 (ALL),
TLE_8084,Anglais: INTERACTION IN ENGLISH (CAMBRIDGE),5000,manuel,Homologué,Tle A4 (CHINOIS),
TLE_9229,Chinois : BONJOUR CAMEOUN 4 (d/l),3500,manuel,Homologué,Tle A4 (CHINOIS),
TLE_3274,De La Médiocrité À L’excellence (CLE),3000,manuel,Homologué,Tle A4 (CHINOIS),
TLE_2042,Education À La Citoyenneté : Emergeons En Éducation À La Citoyenneté (MONDOUX),3900,manuel,Homologué,Tle A4 (CHINOIS),
TLE_8314,Essai Sur La Problématique Philosophique En Afrique (CLE),1800,manuel,Homologué,Tle A4 (CHINOIS),
TLE_533,HISTOIRE Tles (CAMBRIDGE),5000,manuel,Homologué,Tle A4 (CHINOIS),
TLE_2700,"Informatique : A La Conquête De L’informatique, Niveau 7 (R. LUSTRAL)",3500,manuel,Homologué,Tle A4 (CHINOIS),
TLE_9743,LE VIEUX NEGRE ET LA MEDAILLE (EDICEF),2500,manuel,Homologué,Tle A4 (CHINOIS),
TLE_3762,Langue Française : Langue Et Méthode Au 2nd Cycle (afric’educ),5000,manuel,Homologué,Tle A4 (CHINOIS),
TLE_4759,Mathématiques : Majors En Mathématiques (ASVA),3900,manuel,Homologué,Tle A4 (CHINOIS),
TLE_9698,Ngum A Jemea. La Foi Inébranlable De Rudolf Dualla Manga Bell (CICD),3000,manuel,Homologué,Tle A4 (CHINOIS),
TLE_9913,Philosophie : Emergeons En Philosophie. Tles Littéraires (MONDOUX),7800,manuel,Homologué,Tle A4 (CHINOIS),
TLE_6067,STANCES ET POEMES SUIVI DE LES EPREUVES (ECLOSION),1900,manuel,Homologué,Tle A4 (CHINOIS),
TLE_7040,Sciences Tles Littéraires : L’excellence En Sciences (NMI),4000,manuel,Homologué,Tle A4 (CHINOIS),
TLE_8084,Anglais: INTERACTION IN ENGLISH (CAMBRIDGE),5000,manuel,Homologué,Tle A4 (ESP),
TLE_3274,De La Médiocrité À L’excellence (CLE),3000,manuel,Homologué,Tle A4 (ESP),
TLE_2042,Education À La Citoyenneté : Emergeons En Éducation À La Citoyenneté (MONDOUX),3900,manuel,Homologué,Tle A4 (ESP),
TLE_6131,Espagnole : NUEVA DIDACTICA DEL ESPANOL V (HABIBI),5000,manuel,Homologué,Tle A4 (ESP),
TLE_8314,Essai Sur La Problématique Philosophique En Afrique (CLE),1800,manuel,Homologué,Tle A4 (ESP),
TLE_533,HISTOIRE Tles (CAMBRIDGE),5000,manuel,Homologué,Tle A4 (ESP),
TLE_2700,"Informatique : A La Conquête De L’informatique, Niveau 7 (R. LUSTRAL)",3500,manuel,Homologué,Tle A4 (ESP),
TLE_9743,LE VIEUX NEGRE ET LA MEDAILLE (EDICEF),2500,manuel,Homologué,Tle A4 (ESP),
TLE_3762,Langue Française : Langue Et Méthode Au 2nd Cycle (afric’educ),5000,manuel,Homologué,Tle A4 (ESP),
TLE_4759,Mathématiques : Majors En Mathématiques (ASVA),3900,manuel,Homologué,Tle A4 (ESP),
TLE_9698,Ngum A Jemea. La Foi Inébranlable De Rudolf Dualla Manga Bell (CICD),3000,manuel,Homologué,Tle A4 (ESP),
TLE_9913,Philosophie : Emergeons En Philosophie. Tles Littéraires (MONDOUX),7800,manuel,Homologué,Tle A4 (ESP),
TLE_6067,STANCES ET POEMES SUIVI DE LES EPREUVES (ECLOSION),1900,manuel,Homologué,Tle A4 (ESP),
TLE_7040,Sciences Tles Littéraires : L’excellence En Sciences (NMI),4000,manuel,Homologué,Tle A4 (ESP),
TLE_8084,Anglais: INTERACTION IN ENGLISH (CAMBRIDGE),5000,manuel,Homologué,Tle A4 (ITALIEN),
TLE_3274,De La Médiocrité À L’excellence (CLE),3000,manuel,Homologué,Tle A4 (ITALIEN),
TLE_2042,Education À La Citoyenneté : Emergeons En Éducation À La Citoyenneté (MONDOUX),3900,manuel,Homologué,Tle A4 (ITALIEN),
TLE_8314,Essai Sur La Problématique Philosophique En Afrique (CLE),1800,manuel,Homologué,Tle A4 (ITALIEN),
TLE_533,HISTOIRE Tles (CAMBRIDGE),5000,manuel,Homologué,Tle A4 (ITALIEN),
TLE_2700,"Informatique : A La Conquête De L’informatique, Niveau 7 (R. LUSTRAL)",3500,manuel,Homologué,Tle A4 (ITALIEN),
TLE_5338,Italien : PIACERE ! NIVEAU 4/B1 (BERLIN),6000,manuel,Homologué,Tle A4 (ITALIEN),
TLE_9743,LE VIEUX NEGRE ET LA MEDAILLE (EDICEF),2500,manuel,Homologué,Tle A4 (ITALIEN),
TLE_3762,Langue Française : Langue Et Méthode Au 2nd Cycle (afric’educ),5000,manuel,Homologué,Tle A4 (ITALIEN),
TLE_4759,Mathématiques : Majors En Mathématiques (ASVA),3900,manuel,Homologué,Tle A4 (ITALIEN),
TLE_9698,Ngum A Jemea. La Foi Inébranlable De Rudolf Dualla Manga Bell (CICD),3000,manuel,Homologué,Tle A4 (ITALIEN),
TLE_9913,Philosophie : Emergeons En Philosophie. Tles Littéraires (MONDOUX),7800,manuel,Homologué,Tle A4 (ITALIEN),
TLE_6067,STANCES ET POEMES SUIVI DE LES EPREUVES (ECLOSION),1900,manuel,Homologué,Tle A4 (ITALIEN),
TLE_7040,Sciences Tles Littéraires : L’excellence En Sciences (NMI),4000,manuel,Homologué,Tle A4 (ITALIEN),
TLE_8084,Anglais: INTERACTION IN ENGLISH (CAMBRIDGE),5000,manuel,Homologué,Tle C et E,
TLE_3893,"Chimie : Chimie Terminales C, D Et E (NMI)",5500,manuel,Homologué,Tle C et E,
TLE_3274,De La Médiocrité À L’excellence (CLE),3000,manuel,Homologué,Tle C et E,
TLE_2042,Education À La Citoyenneté : Emergeons En Éducation À La Citoyenneté (MONDOUX),3900,manuel,Homologué,Tle C et E,
TLE_2617,Emergeons En Philosophie. Tles Scientifiques (MONDOUX),5000,manuel,Homologué,Tle C et E,
TLE_8314,Essai Sur La Problématique Philosophique En Afrique (CLE),1800,manuel,Homologué,Tle C et E,
TLE_533,HISTOIRE Tles (CAMBRIDGE),5000,manuel,Homologué,Tle C et E,
TLE_9743,LE VIEUX NEGRE ET LA MEDAILLE (EDICEF),2500,manuel,Homologué,Tle C et E,
TLE_3762,Langue Française : Langue Et Méthode Au 2nd Cycle (afric’educ),5000,manuel,Homologué,Tle C et E,
TLE_9269,Mathématiques : Emergeons En Mathématiques (MONDOUX),6000,manuel,Homologué,Tle C et E,
TLE_9698,Ngum A Jemea. La Foi Inébranlable De Rudolf Dualla Manga Bell (CICD),3000,manuel,Homologué,Tle C et E,
TLE_3397,"Physique (tles C, D, E Et TI) : L’excellence En Physique (NMI)",6500,manuel,Homologué,Tle C et E,
TLE_6067,STANCES ET POEMES SUIVI DE LES EPREUVES (ECLOSION),1900,manuel,Homologué,Tle C et E,
TLE_9839,"Svteehb,tle C ET TI (MONDOUX)",6500,manuel,Homologué,Tle C et E,
TLE_8084,Anglais: INTERACTION IN ENGLISH (CAMBRIDGE),5000,manuel,Homologué,Tle D et TI,
TLE_3893,"Chimie : Chimie Terminales C, D Et E (NMI)",5500,manuel,Homologué,Tle D et TI,
TLE_3274,De La Médiocrité À L’excellence (CLE),3000,manuel,Homologué,Tle D et TI,
TLE_2042,Education À La Citoyenneté : Emergeons En Éducation À La Citoyenneté (MONDOUX),3900,manuel,Homologué,Tle D et TI,
TLE_2617,Emergeons En Philosophie. Tles Scientifiques (MONDOUX),5000,manuel,Homologué,Tle D et TI,
TLE_8314,Essai Sur La Problématique Philosophique En Afrique (CLE),1800,manuel,Homologué,Tle D et TI,
TLE_533,HISTOIRE Tles (CAMBRIDGE),5000,manuel,Homologué,Tle D et TI,
TLE_4234,"Informatique C, D, E Et TI : A La Conquête De L’informatique, Niveau 7 (R. LUSTRAL)",3900,manuel,Homologué,Tle D et TI,
TLE_9743,LE VIEUX NEGRE ET LA MEDAILLE (EDICEF),2500,manuel,Homologué,Tle D et TI,
TLE_3762,Langue Française : Langue Et Méthode Au 2nd Cycle (afric’educ),5000,manuel,Homologué,Tle D et TI,
TLE_9269,Mathématiques : Emergeons En Mathématiques (MONDOUX),5500,manuel,Homologué,Tle D et TI,
TLE_9698,Ngum A Jemea. La Foi Inébranlable De Rudolf Dualla Manga Bell (CICD),3000,manuel,Homologué,Tle D et TI,
TLE_3397,"Physique (tles C, D, E Et TI) : L’excellence En Physique (NMI)",6500,manuel,Homologué,Tle D et TI,
TLE_6067,STANCES ET POEMES SUIVI DE LES EPREUVES (ECLOSION),1900,manuel,Homologué,Tle D et TI,
TLE_3643,SVTEEHB: SVTEEHB Tle D (CLE),8000,manuel,Homologué,Tle D et TI,
TLE_8084,Anglais: INTERACTION IN ENGLISH (CAMBRIDGE),5000,manuel,Homologué,Tle SES (ALL),
TLE_3274,De La Médiocrité À L’excellence (CLE),3000,manuel,Homologué,Tle SES (ALL),
TLE_2042,Education À La Citoyenneté : Emergeons En Éducation À La Citoyenneté (MONDOUX),3900,manuel,Homologué,Tle SES (ALL),
TLE_8314,Essai Sur La Problématique Philosophique En Afrique (CLE),1800,manuel,Homologué,Tle SES (ALL),
TLE_533,HISTOIRE Tles (CAMBRIDGE),5000,manuel,Homologué,Tle SES (ALL),
TLE_7738,IHR Und WIR Plus 4 (allemand) (HUEBER),5000,manuel,Homologué,Tle SES (ALL),
TLE_2700,"Informatique : A La Conquête De L’informatique, Niveau 7 (R. LUSTRAL)",3500,manuel,Homologué,Tle SES (ALL),
TLE_9743,LE VIEUX NEGRE ET LA MEDAILLE (EDICEF),2500,manuel,Homologué,Tle SES (ALL),
TLE_3762,Langue Française : Langue Et Méthode Au 2nd Cycle (afric’educ),5000,manuel,Homologué,Tle SES (ALL),
TLE_4759,Mathématiques : Majors En Mathématiques (ASVA),3900,manuel,Homologué,Tle SES (ALL),
TLE_9698,Ngum A Jemea. La Foi Inébranlable De Rudolf Dualla Manga Bell (CICD),3000,manuel,Homologué,Tle SES (ALL),
TLE_2824,Philosophie : Majors En Philosophie. Tles SES (ASVA),5000,manuel,Homologué,Tle SES (ALL),
TLE_6067,STANCES ET POEMES SUIVI DE LES EPREUVES (ECLOSION),1900,manuel,Homologué,Tle SES (ALL),
TLE_7040,Sciences Tles Littéraires : L’excellence En Sciences (NMI),4000,manuel,Homologué,Tle SES (ALL),
TLE_8084,Anglais: INTERACTION IN ENGLISH (CAMBRIDGE),5000,manuel,Homologué,Tle SES (ESP),
TLE_3274,De La Médiocrité À L’excellence (CLE),3000,manuel,Homologué,Tle SES (ESP),
TLE_2042,Education À La Citoyenneté : Emergeons En Éducation À La Citoyenneté (MONDOUX),3900,manuel,Homologué,Tle SES (ESP),
TLE_8314,Essai Sur La Problématique Philosophique En Afrique (CLE),1800,manuel,Homologué,Tle SES (ESP),
TLE_533,HISTOIRE Tles (CAMBRIDGE),5000,manuel,Homologué,Tle SES (ESP),
TLE_2700,"Informatique : A La Conquête De L’informatique, Niveau 7 (R. LUSTRAL)",3500,manuel,Homologué,Tle SES (ESP),
TLE_9743,LE VIEUX NEGRE ET LA MEDAILLE (EDICEF),2500,manuel,Homologué,Tle SES (ESP),
TLE_3762,Langue Française : Langue Et Méthode Au 2nd Cycle (afric’educ),5000,manuel,Homologué,Tle SES (ESP),
TLE_4759,Mathématiques : Majors En Mathématiques (ASVA),3900,manuel,Homologué,Tle SES (ESP),
TLE_9698,Ngum A Jemea. La Foi Inébranlable De Rudolf Dualla Manga Bell (CICD),3000,manuel,Homologué,Tle SES (ESP),
TLE_2918,Nueva Didacta Del Espanol V (HABIBI),6000,manuel,Homologué,Tle SES (ESP),
TLE_2824,Philosophie : Majors En Philosophie. Tles SES (ASVA),5000,manuel,Homologué,Tle SES (ESP),
TLE_6067,STANCES ET POEMES SUIVI DE LES EPREUVES (ECLOSION),1900,manuel,Homologué,Tle SES (ESP),
TLE_7040,Sciences Tles Littéraires : L’excellence En Sciences (NMI),4000,manuel,Homologué,Tle SES (ESP),
TLE_8084,Anglais: INTERACTION IN ENGLISH (CAMBRIDGE),5000,manuel,Homologué,Tle SES CHINOIS,
TLE_9229,Chinois : BONJOUR CAMEOUN 4 (d/l),3500,manuel,Homologué,Tle SES CHINOIS,
TLE_3274,De La Médiocrité À L’excellence (CLE),3000,manuel,Homologué,Tle SES CHINOIS,
TLE_2042,Education À La Citoyenneté : Emergeons En Éducation À La Citoyenneté (MONDOUX),3900,manuel,Homologué,Tle SES CHINOIS,
TLE_8314,Essai Sur La Problématique Philosophique En Afrique (CLE),1800,manuel,Homologué,Tle SES CHINOIS,
TLE_5178,Histoire : Histoire Tles,5000,manuel,Homologué,Tle SES CHINOIS,
TLE_9573,"Informatique : A La Conquête De L’informatique, Niveau 7 (R.LUSTRAL)",3500,manuel,Homologué,Tle SES CHINOIS,
TLE_9743,LE VIEUX NEGRE ET LA MEDAILLE (EDICEF),2500,manuel,Homologué,Tle SES CHINOIS,
TLE_3762,Langue Française : Langue Et Méthode Au 2nd Cycle (afric’educ),5000,manuel,Homologué,Tle SES CHINOIS,
TLE_4759,Mathématiques : Majors En Mathématiques (ASVA),3900,manuel,Homologué,Tle SES CHINOIS,
TLE_9698,Ngum A Jemea. La Foi Inébranlable De Rudolf Dualla Manga Bell (CICD),3000,manuel,Homologué,Tle SES CHINOIS,
TLE_2824,Philosophie : Majors En Philosophie. Tles SES (ASVA),5000,manuel,Homologué,Tle SES CHINOIS,
TLE_6067,STANCES ET POEMES SUIVI DE LES EPREUVES (ECLOSION),1900,manuel,Homologué,Tle SES CHINOIS,
TLE_7040,Sciences Tles Littéraires : L’excellence En Sciences (NMI),4000,manuel,Homologué,Tle SES CHINOIS,
TLE_8084,Anglais: INTERACTION IN ENGLISH (CAMBRIDGE),5000,manuel,Homologué,Tle SES ITALIEN,
TLE_3274,De La Médiocrité À L’excellence (CLE),3000,manuel,Homologué,Tle SES ITALIEN,
TLE_2042,Education À La Citoyenneté : Emergeons En Éducation À La Citoyenneté (MONDOUX),3900,manuel,Homologué,Tle SES ITALIEN,
TLE_8314,Essai Sur La Problématique Philosophique En Afrique (CLE),1800,manuel,Homologué,Tle SES ITALIEN,
TLE_533,HISTOIRE Tles (CAMBRIDGE),5000,manuel,Homologué,Tle SES ITALIEN,
TLE_2700,"Informatique : A La Conquête De L’informatique, Niveau 7 (R. LUSTRAL)",3500,manuel,Homologué,Tle SES ITALIEN,
TLE_5338,Italien : PIACERE ! NIVEAU 4/B1 (BERLIN),6000,manuel,Homologué,Tle SES ITALIEN,
TLE_9743,LE VIEUX NEGRE ET LA MEDAILLE (EDICEF),2500,manuel,Homologué,Tle SES ITALIEN,
TLE_3762,Langue Française : Langue Et Méthode Au 2nd Cycle (afric’educ),5000,manuel,Homologué,Tle SES ITALIEN,
TLE_4759,Mathématiques : Majors En Mathématiques (ASVA),3900,manuel,Homologué,Tle SES ITALIEN,
TLE_9698,Ngum A Jemea. La Foi Inébranlable De Rudolf Dualla Manga Bell (CICD),3000,manuel,Homologué,Tle SES ITALIEN,
TLE_2824,Philosophie : Majors En Philosophie. Tles SES (ASVA),5000,manuel,Homologué,Tle SES ITALIEN,
TLE_6067,STANCES ET POEMES SUIVI DE LES EPREUVES (ECLOSION),1900,manuel,Homologué,Tle SES ITALIEN,
TLE_7040,Sciences Tles Littéraires : L’excellence En Sciences (NMI),4000,manuel,Homologué,Tle SES ITALIEN,
NUR_5837,Drawing And Coloring: INNOVATIVE DRAWING AND COLOURING (DESTINY PRINTS),1000,manuel,Homologué,Nursery One,
NUR_8907,Language: LANGUAGE ACTIVITY BOOK NURSERY 1 (ATEMEC),1000,manuel,Homologué,Nursery One,
NUR_4206,Mathematics: ELEMENTARY MATHEMATICS ACTIVITY BOOK 1 (DOVE),1000,manuel,Homologué,Nursery One,
NUR_6050,"Drawing And Coloring: ANUCAM DRAWING AND COLOURING, NURSERY 2 (ANUCAM)",1000,manuel,Homologué,Nursery Two,
NUR_4752,Language: LANGUAGE ACTIVITY BOOK NURSERY 2 (ATEMEC),1000,manuel,Homologué,Nursery Two,
NUR_7963,Mathematics : ELEMENTARY MATHEMATICS ACTIVITY BOOK 2 (DOVE),1000,manuel,Homologué,Nursery Two,
CLA_6216,English: WINNERS IN ENGLISH (NMI Education),1800,manuel,Homologué,CLASS I,
CLA_3256,French : PARLONS FRANÇAIS. LIVRE DE L’ELEVE 1 (COSMOS),1800,manuel,Homologué,CLASS I,
CLA_824,French: WORKBOOK OF FRENCH CLAS 1(COSMOS),1100,manuel,Homologué,CLASS I,
CLA_408,Handwriting : HANDWRITING WORKBOOK CLASS 1 (ATEMEC),1500,manuel,Homologué,CLASS I,
CLA_3987,ICT : WINNERS IN ICT CLASSES 1 AND 2 (NMI EDUCATION),1500,manuel,Homologué,CLASS I,
CLA_9492,Mathematics : INNOVATIVE MATHEMATICS (DESTINY PRINT),1800,manuel,Homologué,CLASS I,
CLA_7886,Mathematics : Workbook Mathematics Of Class (DESTINY Prints),1000,manuel,Homologué,CLASS I,
CLA_1826,SOUNDS AND WORD BUILDING CLASSES 1AND 2(ATEMEC),1500,manuel,Homologué,CLASS I,
CLA_427,Science And Technology: STANDARD SCIENCE AND TECHNOLOGY (BECHACAM),1500,manuel,Homologué,CLASS I,
CLA_7401,Social Studies : THE GOOD CITIZEN. PUPIL’S BOOK CLASSES 1 AND 2 (COSMOS),1500,manuel,Homologué,CLASS I,
CLA_1472,WORKBOOK OF ENGLISH CLASSES 1(NMI EDUCATION),1000,manuel,Homologué,CLASS I,
CLA_747,English: WINNERS CLASS 2 (NMI EDUCATION),1800,manuel,Homologué,CLASS II,
CLA_6032,French : J’apprends Le Français 2 (ANUCAM),1800,manuel,Homologué,CLASS II,
CLA_9396,French : WORKBOOK OF FRENCH CLASS 2 (COSMOS),1100,manuel,Homologué,CLASS II,
CLA_3745,Handwriting : EMERGENCE IN HANDWRITTING (MONDOUX),1500,manuel,Homologué,CLASS II,
CLA_1452,ICT: Winners CLASSES 1 AND 2 (NMI Education),1500,manuel,Homologué,CLASS II,
CLA_4401,Mathematics : WINNERS IN MATHEMATICS (NMI EDUCATION),1800,manuel,Homologué,CLASS II,
CLA_6850,SOUNDS AND WORD BUILDING CLASSES 1AND 2 (ATEMEC),1500,manuel,Homologué,CLASS II,
CLA_427,Science And Technology: STANDARD SCIENCE AND TECHNOLOGY (BECHACAM),1500,manuel,Homologué,CLASS II,
CLA_4508,Social Studies : The Good Citizen Pupil’s Book (classes I And Ii)(cosmos),1500,manuel,Homologué,CLASS II,
CLA_5784,WORKBOOK OF ENGLISH CLASSES 2 (NMI EDUCATION),1100,manuel,Homologué,CLASS II,
CLA_8305,WORKBOOK OF MATHEMATIQUES CLASS 2 (NMI EDUCATION),1150,manuel,Homologué,CLASS II,
CLA_3892,English Language : WINNERS IN ENGLISH Class 3 (NMI Education),1800,manuel,Homologué,CLASS III,
CLA_6735,French Language : FRENCH CLASS 3(AFRICA EDUCATION),1700,manuel,Homologué,CLASS III,
CLA_6106,ICT: ICT Class 3 And Class 4 (ATEMEC),1600,manuel,Homologué,CLASS III,
CLA_3189,Literature : How Are You Benjamin ? (africa Education),1000,manuel,Homologué,CLASS III,
CLA_3366,Mathematics : MATHEMATICS CLASS 3 (ATEMEC),1800,manuel,Homologué,CLASS III,
CLA_5519,Mathematics : WORKBOOK OF MATHEMATICS CLASS 3(ATEMEC),1150,manuel,Homologué,CLASS III,
CLA_2239,SOUND AND WORD BUILDIND CLASSES 3 AND 4 (ATEMEC),1500,manuel,Homologué,CLASS III,
CLA_3320,Science And Technology: SCIENCE AND TECHNOLOGY CLASS 3 (ATEMEC),1600,manuel,Homologué,CLASS III,
CLA_4223,Social Studies : SOCIAL STUDIES CLASS 3 (GLOBAL INDUSTRIES),1800,manuel,Homologué,CLASS III,
CLA_6920,WORKBOOK OF ENGLISH CLASS 3 (NMI),1150,manuel,Homologué,CLASS III,
CLA_9338,WORKBOOK OF FRENCH CLASS 3 (AFRICA EDUCATION),1150,manuel,Homologué,CLASS III,
CLA_1108,English Language : WINNERS IN ENGLISH Class 4 (NMI Education),1800,manuel,Homologué,CLASS IV,
CLA_7256,French Language : FRENCH CLASS 4 (AFRICA EDUCATION),1700,manuel,Homologué,CLASS IV,
CLA_6106,ICT: ICT Class 3 And Class 4 (ATEMEC),1600,manuel,Homologué,CLASS IV,
CLA_9061,Literature : BENJAMIN IS NOT A LITTLE BOY ! (africa Education),1000,manuel,Homologué,CLASS IV,
CLA_5128,Mathematics : INNOVATIVE MATHEMATICS CLASS 4 (DESTINY PRINT),1800,manuel,Homologué,CLASS IV,
CLA_3631,Mathematics : WORKBOOK OF MATHEMATICS CLASS 4 (DESTINY PRINT),1100,manuel,Homologué,CLASS IV,
CLA_2239,SOUND AND WORD BUILDIND CLASSES 3 AND 4 (ATEMEC),1500,manuel,Homologué,CLASS IV,
CLA_5913,Science And Technology: SCIENCE AND TECHNOLOGY CLASS 4 (METROPOLITAIN),1600,manuel,Homologué,CLASS IV,
CLA_8483,Social Studies : WINNER IN SOCIAL STUDIES CLASS 4 (NMI EDUCATION),1850,manuel,Homologué,CLASS IV,
CLA_3379,WORKBOOK OF ENGLISH CLASS 4 (NMI),1150,manuel,Homologué,CLASS IV,
CLA_4982,WORKBOOK OF FRENCH CLASS 4 (AFRICA EDUCATION),1150,manuel,Homologué,CLASS IV,
CLA_9944,English Language: ENGLISH CLASS 5 (LONGHORN),1900,manuel,Homologué,CLASS V,
CLA_9079,French: FRENCH CLASS 5(AFRICA EDUCATION),1900,manuel,Homologué,CLASS V,
CLA_1498,ICT : INFORMATION AND COMMUNICATION TECHNOLOGY (BECHACAM),1800,manuel,Homologué,CLASS V,
CLA_5634,Literature : STORIES AND WONDERS (NMI EDUCATION),1000,manuel,Homologué,CLASS V,
CLA_8120,Mathematics : MATHEMATICS CLASS 5(BECHACAM),1900,manuel,Homologué,CLASS V,
CLA_9900,Mathematics: WORKBOOK OF MATHEMATICS CLASS 5(BECHACAM),1100,manuel,Homologué,CLASS V,
CLA_9549,SOCIAL STUDIES: WINNERS IN SOCIAL STUDIES CLASS 5 (NMI EDUCATION),1800,manuel,Homologué,CLASS V,
CLA_6202,Science And Technology: WINNERS IN SCIENCE AND TECHNOLOGY CLASS 5 (NMI EDUCATION),1800,manuel,Homologué,CLASS V,
CLA_6007,WORKBOOK OF ENGLISH CLASS 5 (LONGHORN),1150,manuel,Homologué,CLASS V,
CLA_4381,WORKBOOK OF FRENCH CLASS 5(AFRICA EDUCATION),1150,manuel,Homologué,CLASS V,
CLA_8023,English Language: ENGLISH CLASS 6 (BECHACAM),1900,manuel,Homologué,CLASS VI,
CLA_7521,French Language: FRENCH CLASS 6(AFRICA EDUCATION),1900,manuel,Homologué,CLASS VI,
CLA_463,ICT: ICT CLASS 5 AND CLASS 6(BECHACAM),1800,manuel,Homologué,CLASS VI,
CLA_289,Literature : WAKE UP ! (COSMOS),1000,manuel,Homologué,CLASS VI,
CLA_6029,Mathematics : MATHEMATICS CLASS 6(BECHACAM),1900,manuel,Homologué,CLASS VI,
CLA_1367,Mathematics: WORKBOOK OF MATHEMATICS CLASS 6 (BECHACAM),1150,manuel,Homologué,CLASS VI,
CLA_4565,Science And Technology: SCIENCE AND TECHNOLOGY CLASS 6 (LEGEND PUBLISHERS),1800,manuel,Homologué,CLASS VI,
CLA_3078,Social Studies: WINNERS IN SOCIAL STUDIES CLASS 6(NMI EDUCATION),1850,manuel,Homologué,CLASS VI,
CLA_9968,WORKBOOK OF ENGLISH CLASS 6 (BECHACAM),1200,manuel,Homologué,CLASS VI,
CLA_7659,WORKBOOK OF FRENCH CLASS 6 (AFRICA EDUCATION),1250,manuel,Homologué,CLASS VI,
FOR_9160,"AN INTRODUCTION TO POETRY, VOL.1(SHILOH PRINTERS)",1200,manuel,Homologué,FORM I AND 1st YEAR,
FOR_9736,Biology : EMERGING Biology FORM 1 (GLOBAL PUBLISHER),3500,manuel,Homologué,FORM I AND 1st YEAR,
FOR_1600,CLEAN SCHOOL (MONDOUX),1000,manuel,Homologué,FORM I AND 1st YEAR,
FOR_1582,Chemistry : ELEMENTARY Chemistry FOR FORM 1 (TOWA BOOKS),3000,manuel,Homologué,FORM I AND 1st YEAR,
FOR_4773,Citizenship: THE PATRIOTIC CITIZEN BOOK 1 (GREENWORLD),4000,manuel,Homologué,FORM I AND 1st YEAR,
FOR_546,Computer Science : Computer Science FOR FORM1 (GRASSROOTS),3500,manuel,Homologué,FORM I AND 1st YEAR,
FOR_9736,English Language: PRIME ENGLISH FORM1 (NMI),3800,manuel,Homologué,FORM I AND 1st YEAR,
FOR_3352,FIRESIDE TALES (PENG EDITION),2000,manuel,Homologué,FORM I AND 1st YEAR,
FOR_3255,French Language: FRENCH FORM 1(MONDOUX),3600,manuel,Homologué,FORM I AND 1st YEAR,
FOR_5526,Geography : Geography For Competency Development: BOOK1(GREENWORLD),3000,manuel,Homologué,FORM I AND 1st YEAR,
FOR_1907,History: HISTORY FOR FORM 1(GRASSROOTS),3200,manuel,Homologué,FORM I AND 1st YEAR,
FOR_363,Home Economics : CONTEXTUAL HOME ECONOMICS FORM 1(GRACE PUBLISHER),4500,manuel,Homologué,FORM I AND 1st YEAR,
FOR_4133,Mathematics : INTEGRATED SECONDARY MATHEMATIC FORM1 (SHILOH PRINTED),3500,manuel,Homologué,FORM I AND 1st YEAR,
FOR_6865,Physics: PRIME PHYSICS FORM1 (NMI),3200,manuel,Homologué,FORM I AND 1st YEAR,
FOR_7010,A TIME TO RECONCILE (PEACOCK),1200,manuel,Homologué,FORM II AND 2st YEAR,
FOR_8985,"AN INTRODUCTION TO POETRY, VOL.2(SHILOH PRINTERS)",1200,manuel,Homologué,FORM II AND 2st YEAR,
FOR_1399,Biology: EMERGING BIOLOGY BOOK 2 (GLOBAL PUBLISHER),3000,manuel,Homologué,FORM II AND 2st YEAR,
FOR_4224,Chemistry: INTEGRATED SECONDARY CHEMISTRY (DOMINION),3000,manuel,Homologué,FORM II AND 2st YEAR,
FOR_9791,Citizenship : THE ADVOCATE FOR CITIZENSHIP EDUCATION FORM 2 (GRACE PUBLISHER),3500,manuel,Homologué,FORM II AND 2st YEAR,
FOR_2131,Computer Science : COMPUTER FOR FORM 2 (GRASSROOTS),3500,manuel,Homologué,FORM II AND 2st YEAR,
FOR_8780,English Language: PRIME ENGLISH FORM 2 (NMI),3800,manuel,Homologué,FORM II AND 2st YEAR,
FOR_6387,French Language: FRENCH FORM 2 (MONDOUX),3500,manuel,Homologué,FORM II AND 2st YEAR,
FOR_6303,GOING HOME (NYAA PUBLISHER),2000,manuel,Homologué,FORM II AND 2st YEAR,
FOR_2993,Geography : Geography For Competency Development 2(GREENWORLD),4000,manuel,Homologué,FORM II AND 2st YEAR,
FOR_7022,History: BASIC KEYSTONES IN HISTORY FORM2 (GRACE PUBLISHER),4000,manuel,Homologué,FORM II AND 2st YEAR,
FOR_83,Home Economics: CONTEXTUAL HOME ECONOMICS FORM 2(GRACE PUBLISHER),4500,manuel,Homologué,FORM II AND 2st YEAR,
FOR_3393,Physics: PHYSICS FOR SECONDARY SCHOOL IN CAMEROON FORM 2 (LONGHORN),3500,manuel,Homologué,FORM II AND 2st YEAR,
FOR_7141,Pure Mathematics : INTEGRATED SECONDARY MATHEMATIC BOOK 2 (SHILOH PRINTED),3500,manuel,Homologué,FORM II AND 2st YEAR,
FOR_1709,A PEN KILLS (NMI),2500,manuel,Homologué,FORM III,
FOR_1936,Biology : Understanding Biology (GREENWORLD),6500,manuel,Homologué,FORM III,
FOR_8612,"Chemistry : Understanding Chemistry FORMS 3,4,5 (TEWA BOOKS)",6500,manuel,Homologué,FORM III,
FOR_1417,"Citizenship: Citizenship Education FORMS 3,4,5 (CATWA)",3000,manuel,Homologué,FORM III,
FOR_9522,"Commerce : SUCCESS IN COMMERCE FORMS 3,4,5 (GRACE PUBLISHER)",7000,manuel,Homologué,FORM III,
FOR_1054,Computer Science: PRIME ICT FORM 3 (NMI),4000,manuel,Homologué,FORM III,
FOR_7119,Economics: ECONOMICS FOR GCE O/ A LEVEL AND ITVE (CATWA),7000,manuel,Homologué,FORM III,
FOR_6680,English Language: INNOVATIVE ENGLISH (MONDOUX),3600,manuel,Homologué,FORM III,
FOR_99,Food And Nutrition : CONTEXTUAL FOOD AND NUTRITION Form III (GRACE PUBLISHER),4500,manuel,Homologué,FORM III,
FOR_6890,French Language: FRENCH FORM 3 (AFRICA EDUCATION),3900,manuel,Homologué,FORM III,
FOR_8337,"History: AN INTEGRATED HISTORY SINCE 1850 FOR Forms 3, 4 & 5 (QUALITY PRINT)",6000,manuel,Homologué,FORM III,
FOR_9111,INCLUSIVE EDUCATION : THE WAY TO GO (NYAA PUBLISHER),1800,manuel,Homologué,FORM III,
FOR_2866,International Studen’t Atlas (forms III To V) (OXFORD),6000,manuel,Homologué,FORM III,
FOR_3201,Logic: The Essential Logic For Ordinary Level (GRASSROOTS),2500,manuel,Homologué,FORM III,
FOR_8278,MY CAMEROON AND OTHERS POEME (PENG EDITION),1800,manuel,Homologué,FORM III,
FOR_2288,"NEW 21ST CENTURY PHYSICAL, HUMAN AND CAMEROON GEOGRAPHY (GRASSROOTS)",8000,manuel,Homologué,FORM III,
FOR_3937,Physics: PHYSICS FORM 3 (GRACE PUBLISHER),4500,manuel,Homologué,FORM III,
FOR_6785,Pure Mathematics: PRIME MATHEMATICSFORM 3 (NMI),4200,manuel,Homologué,FORM III,
FOR_557,Additional Mathematics: Explaining Additional Mathematics (NAARAT),9000,manuel,Homologué,FORM IV,
FOR_146,Biology: Understanding Biology Vol. 1 Form 4 And 5 (GREENWORLD),8000,manuel,Homologué,FORM IV,
FOR_3620,CITIZENSHIP : The ADVOCATE For CITIZENSHIP EDUCATION FORMS 4 AND 5 (GRACE PUBLISHER),4000,manuel,Homologué,FORM IV,
FOR_7302,"Chemistry: Understanding Chemistry FORM 3,4 And 5 (TEWA BOOKS)",6500,manuel,Homologué,FORM IV,
FOR_6453,"Commerce : Success In Commerce Forms 3, 4 And 5 (CATWA)",4000,manuel,Homologué,FORM IV,
FOR_5356,Computer Science ; Computer Science Form 4 (africa Education),4500,manuel,Homologué,FORM IV,
FOR_2549,"Economics: ECONOMICS FOR GCE O LEVEL AND ITVE Form 3,4 And 5 (CATWA)",7000,manuel,Homologué,FORM IV,
FOR_4049,"English Language: Prime, Form 4 (NMI)",4200,manuel,Homologué,FORM IV,
FOR_9194,Food And Nutrition: CONTEXTUAL FOOD AND NUTRITION FORMS 4 AND 5(GRACE PUBLISHER),4500,manuel,Homologué,FORM IV,
FOR_3428,French Language: FRENCH FORM 4 (MONDOUX),3600,manuel,Homologué,FORM IV,
FOR_2714,Geography: 21st Century Applied Physical Geography And Mapwork For Forms 4 And 5 (GRASSROOTS),8000,manuel,Homologué,FORM IV,
FOR_1583,Geology: BASIC BIOLOGY FOR COLLEGE FORM 4 And 5 (TEWA BOOKS),5000,manuel,Homologué,FORM IV,
FOR_8337,"History: AN INTEGRATED HISTORY SINCE 1850 FOR Forms 3, 4 & 5 (QUALITY PRINT)",6000,manuel,Homologué,FORM IV,
FOR_8772,Human Biology: Understanding Biology Vol. 2 (GREENWORLD),6500,manuel,Homologué,FORM IV,
FOR_3201,Logic: The Essential Logic For Ordinary Level (GRASSROOTS),2500,manuel,Homologué,FORM IV,
FOR_5308,Physics: STANDART PHYSICS FORM 4 (DOMINION),5000,manuel,Homologué,FORM IV,
FOR_4275,Pure Mathematics: PRIME MATHEMATICS FORM 4 AND 5 (NMI),5500,manuel,Homologué,FORM IV,
FOR_9392,The Crown Of Thorns (grace Publisher),3500,manuel,Homologué,FORM IV,
FOR_9030,Additional Mathematics: Explaining Additional Mathematics (NAARAT,9000,manuel,Homologué,FORM V,
FOR_2716,Biology : Understanding Biology Vol.1 Forms 4 And 5 (greenworld),8000,manuel,Homologué,FORM V,
FOR_1913,CITIZENSHIP : THE ADVOCATE FOR CITIZENSHIP EDUCATION FORMS 4 And 5 (grace Publisher),4000,manuel,Homologué,FORM V,
FOR_7934,"Chemistry : Understanding Chemistry, Forms 3, 4 And 5 (TEWA Books)",6500,manuel,Homologué,FORM V,
FOR_2227,"Commerce : Success In Commerce Forms 3, 4 And 5 (grace Publisher)",7000,manuel,Homologué,FORM V,
FOR_4112,Computer Science :computer Science Form 5 (africa Edu),5000,manuel,Homologué,FORM V,
FOR_9200,English Language: Prime English Form 5 (NMI),4500,manuel,Homologué,FORM V,
FOR_6157,French Language: FRENCH FORM 5 (AFRICAEDUCATION),4000,manuel,Homologué,FORM V,
FOR_3293,"Geography: New 21st Century Physical, Human And Cameroon Geography For Forms 3,4 And 5 (GRASSROOTS)",8000,manuel,Homologué,FORM V,
FOR_5329,"Geology: Basic Geology For Colleges, Forms 4 And 5 (TEWA Books)",5000,manuel,Homologué,FORM V,
FOR_8337,"History: AN INTEGRATED HISTORY SINCE 1850 FOR Forms 3, 4 & 5 (QUALITY PRINT)",6000,manuel,Homologué,FORM V,
FOR_4557,"Human Biology : Understanding Biology, Forms 4 And 5 Vol. 2 (greenworld)",6500,manuel,Homologué,FORM V,
FOR_3201,Logic: The Essential Logic For Ordinary Level (GRASSROOTS),2500,manuel,Homologué,FORM V,
FOR_2998,Mathematics: PRIME MATHEMATICS FORM 4 AND 5 (NMI),5300,manuel,Homologué,FORM V,
FOR_356,Physics : Prime Physics Form 5 (NMI),5000,manuel,Homologué,FORM V,
FOR_9392,The Crown Of Thorns (grace Publisher),3500,manuel,Homologué,FORM V,
LOW_5309,A Stylistic Guide To Literary Appreciation (CLE),3000,manuel,Homologué,LOWER & UPPER SIXTH,
LOW_9566,Advanced Chemistry ( Oxford),15500,manuel,Homologué,LOWER & UPPER SIXTH,
LOW_7706,Advanced Computer Science Demystifield( Grassroots),6500,manuel,Homologué,LOWER & UPPER SIXTH,
LOW_4074,Advanced Economics (destiny Print),6000,manuel,Homologué,LOWER & UPPER SIXTH,
LOW_7190,Advanced Integrated Human Geography (greenworld),11000,manuel,Homologué,LOWER & UPPER SIXTH,
LOW_5503,Advanced Level ICT Demystified (grassroots),6500,manuel,Homologué,LOWER & UPPER SIXTH,
LOW_2142,Advanced Level Physics : A Modern Approach (grace Pub),9000,manuel,Homologué,LOWER & UPPER SIXTH,
LOW_5827,Advanced Level Pure Mathematics Made Easy (grace Publ),8000,manuel,Homologué,LOWER & UPPER SIXTH,
LOW_9291,An Integrated Core Approach Demystifield Further Mechanics (quality Print),4000,manuel,Homologué,LOWER & UPPER SIXTH,
LOW_7026,Apprenons Le Français (ANUCAM),4000,manuel,Homologué,LOWER & UPPER SIXTH,
LOW_1545,Certified Philosophy For Cameroon GCE (catwa),7500,manuel,Homologué,LOWER & UPPER SIXTH,
LOW_9131,Complete Physical Geography And Contemporary Environmental Issues For Advanced Learners / Practical Geography (grassroots Publ),11000,manuel,Homologué,LOWER & UPPER SIXTH,
LOW_4452,Comprehensive A Level Biology : Concepts And App (presbook),9000,manuel,Homologué,LOWER & UPPER SIXTH,
LOW_8742,Comprehensive Advanced Level History (grace Publisher),9500,manuel,Homologué,LOWER & UPPER SIXTH,
LOW_7901,English Language: Mastering English (NMI),4500,manuel,Homologué,LOWER & UPPER SIXTH,
LOW_5998,Explaining Advanced Level Statistics ( Naarat Pub),10000,manuel,Homologué,LOWER & UPPER SIXTH,
LOW_6932,Further Pure Mathematics Made Easy (grace Publ),9000,manuel,Homologué,LOWER & UPPER SIXTH,
LOW_1477,Geology For Advanced Level(main Textbook) (grassroots),8500,manuel,Homologué,LOWER & UPPER SIXTH,
LOW_4389,Le Fils D’agatha Moudio (CLE),3200,manuel,Homologué,LOWER & UPPER SIXTH,
LOW_2341,Mathematics : Mechanics And Probability (oxford),10000,manuel,Homologué,LOWER & UPPER SIXTH,
LOW_7595,Panorama Of Advanced Level. Practical Manual ( Grassroots),2500,manuel,Homologué,LOWER & UPPER SIXTH,
LOW_6004,Prose And Poetry Appreciation Handbook (presbook),3500,manuel,Homologué,LOWER & UPPER SIXTH,
LOW_3308,Statistical Techniques And Fieldwork In Geography (gassroots Publ),4500,manuel,Homologué,LOWER & UPPER SIXTH,
LOW_4536,The General Prologue And The Merchant’s Tale (NMI EDUCATION),1500,manuel,Homologué,LOWER & UPPER SIXTH,
LOW_5310,The Lady With The Beard (CLE),2500,manuel,Homologué,LOWER & UPPER SIXTH,
LOW_1914,Walaande. L’art De Partager Un Mari (proximité),3000,manuel,Homologué,LOWER & UPPER SIXTH,
