code,ville,prix
FOUR0001,Yaoundé,300
FOUR0002,Yaoundé,500
FOUR0003,Yaoundé,1000
FOUR0004,Yaoundé,2000
FOUR0005,Yaoundé,3500
FOUR0006,Yaoundé,200
FOUR0007,Yaoundé,200
FOUR0008,Yaoundé,4000
FOUR0009,Yaoundé,2000
FOUR0010,Yaoundé,250
FOUR0011,Yaoundé,250
FOUR0012,Yaoundé,300
FOUR0013,Yaoundé,300
FOUR0014,Yaoundé,350
FOUR0015,Yaoundé,600
FOUR0016,Yaoundé,600
FOUR0017,Yaoundé,1000
FOUR0018,Yaoundé,700
FOUR0019,Yaoundé,700
FOUR0020,Yaoundé,750
FOUR0021,Yaoundé,750
FOUR0022,Yaoundé,1300
FOUR0023,Yaoundé,1500
FOUR0024,Yaoundé,1800
FOUR0025,Yaoundé,700
FOUR0026,Yaoundé,700
FOUR0027,Yaoundé,750
FOUR0028,Yaoundé,750
FOUR0029,Yaoundé,1300
FOUR0030,Yaoundé,1500
FOUR0031,Yaoundé,1800
FOUR0032,Yaoundé,3000
FOUR0033,Yaoundé,2000
FOUR0034,Yaoundé,2500
FOUR0035,Yaoundé,1500
FOUR0036,Yaoundé,1700
FOUR0037,Yaoundé,2800
FOUR0038,Yaoundé,3000
FOUR0039,Yaoundé,3000
FOUR0040,Yaoundé,4500
FOUR0041,Yaoundé,6000
FOUR0042,Yaoundé,3500
FOUR0043,Yaoundé,3500
FOUR0044,Yaoundé,6000
FOUR0045,Yaoundé,6500
FOUR0046,Yaoundé,5000
FOUR0047,Yaoundé,4500
FOUR0048,Yaoundé,6000
FOUR0049,Yaoundé,3500
FOUR0050,Yaoundé,3500
FOUR0051,Yaoundé,6000
FOUR0052,Yaoundé,6500
FOUR0053,Yaoundé,5000
FOUR0054,Yaoundé,200
FOUR0055,Yaoundé,300
FOUR0056,Yaoundé,325
FOUR0057,Yaoundé,350
FOUR0058,Yaoundé,200
FOUR0059,Yaoundé,300
FOUR0060,Yaoundé,325
FOUR0061,Yaoundé,350
FOUR0062,Yaoundé,1000
FOUR0063,Yaoundé,1500
FOUR0064,Yaoundé,1700
FOUR0065,Yaoundé,1300
FOUR0066,Yaoundé,1700
FOUR0067,Yaoundé,2000
FOUR0068,Yaoundé,2500
FOUR0069,Yaoundé,2000
FOUR0070,Yaoundé,2000
FOUR0071,Yaoundé,2500
FOUR0072,Yaoundé,1500
FOUR0073,Yaoundé,2000
FOUR0074,Yaoundé,2000
FOUR0075,Yaoundé,2500
FOUR0076,Yaoundé,1500
FOUR0077,Yaoundé,5500
FOUR0078,Yaoundé,6500
FOUR0079,Yaoundé,3500
FOUR0080,Yaoundé,4500
FOUR0081,Yaoundé,5500
FOUR0082,Yaoundé,6500
FOUR0083,Yaoundé,3500
FOUR0084,Yaoundé,4500
FOUR0085,Yaoundé,200
FOUR0086,Yaoundé,2000
FOUR0087,Yaoundé,250
FOUR0088,Yaoundé,3000
FOUR0089,Yaoundé,2500
FOUR0090,Yaoundé,2500
FOUR0091,Yaoundé,3000
FOUR0092,Yaoundé,1500
FOUR0093,Yaoundé,4000
FOUR0094,Yaoundé,1500
FOUR0095,Yaoundé,2000
FOUR0096,Yaoundé,2500
FOUR0096,Yaoundé,3000
FOUR0097,Yaoundé,1500
FOUR0098,Yaoundé,500
FOUR0099,Yaoundé,1000
FOUR0100,Yaoundé,1000
FOUR0101,Yaoundé,500
FOUR0102,Yaoundé,500
FOUR0103,Yaoundé,500
FOUR0104,Yaoundé,2000
FOUR0105,Yaoundé,500
FOUR0106,Yaoundé,200
FOUR0107,Yaoundé,200
FOUR0108,Yaoundé,200
FOUR0109,Yaoundé,200
FOUR0110,Yaoundé,200
FOUR0111,Yaoundé,200
FOUR0112,Yaoundé,200
FOUR0113,Yaoundé,200
FOUR0114,Yaoundé,5500
FOUR0115,Yaoundé,5500
FOUR0116,Yaoundé,5500
FOUR0117,Yaoundé,5500
FOUR0118,Yaoundé,4500
FOUR0119,Yaoundé,4500
FOUR0120,Yaoundé,4500
FOUR0121,Yaoundé,4500
FOUR0122,Yaoundé,2000
FOUR0123,Yaoundé,3000
FOUR0124,Yaoundé,1500
FOUR0125,Yaoundé,2000
FOUR0126,Yaoundé,500
FOUR0127,Yaoundé,1500
FOUR0128,Yaoundé,1000
FOUR0129,Yaoundé,500
FOUR0130,Yaoundé,1000
FOUR0131,Yaoundé,4500
FOUR0132,Yaoundé,250
FOUR0133,Yaoundé,300
FOUR0134,Yaoundé,100
FOUR0135,Yaoundé,200
FOUR0136,Yaoundé,500
FOUR0137,Yaoundé,100
FOUR0138,Yaoundé,50
FOUR0139,Yaoundé,4500
FOUR0140,Yaoundé,2000
FOUR0141,Yaoundé,3500
FOUR0142,Yaoundé,1500
FOUR0143,Yaoundé,500
FOUR0144,Yaoundé,1000
FOUR0145,Yaoundé,500
FOUR0146,Yaoundé,100
FOUR0147,Yaoundé,100
FOUR0148,Yaoundé,100
FOUR0149,Yaoundé,600
FOUR0150,Yaoundé,600
FOUR0151,Yaoundé,600
FOUR0152,Yaoundé,500
FOUR0153,Yaoundé,50
FOUR0154,Yaoundé,100
FOUR0155,Yaoundé,4500
FOUR0156,Yaoundé,4000
FOUR0157,Yaoundé,1500
FOUR0158,Yaoundé,50
FOUR0159,Yaoundé,100
FOUR0160,Yaoundé,500
FOUR0161,Yaoundé,50
FOUR0162,Yaoundé,100
FOUR0163,Yaoundé,300
FOUR0164,Yaoundé,1500
FOUR0165,Yaoundé,200
FOUR0166,Yaoundé,100
FOUR0167,Yaoundé,200
FOUR0168,Yaoundé,1000
FOUR0169,Yaoundé,500
FOUR0170,Yaoundé,1500
FOUR0171,Yaoundé,200
FOUR0172,Yaoundé,1000
FOUR0173,Yaoundé,1800
FOUR0174,Yaoundé,200
FOUR0175,Yaoundé,250
FOUR0176,Yaoundé,1500
FOUR0177,Yaoundé,1000
FOUR0164,Yaoundé,1500
FOUR0178,Yaoundé,1500
FOUR0179,Yaoundé,1500
FOUR0180,Yaoundé,2000
FOUR0181,Yaoundé,1500
FOUR0182,Yaoundé,4000
FOUR0183,Yaoundé,700
FOUR0184,Yaoundé,1000
FOUR0141,Yaoundé,1000
FOUR0185,Douala,100
FOUR0186,Douala,100
FOUR0187,Douala,1500
FOUR0188,Douala,2000
FOUR0189,Douala,1500
FOUR0190,Douala,2000
FOUR0191,Douala,1000
FOUR0192,Douala,1000
FOUR0193,Douala,500
FOUR0194,Douala,500
FOUR0195,Douala,2500
FOUR0196,Douala,1500
FOUR0197,Douala,2500
FOUR0198,Douala,3200
FOUR0199,Douala,11000
FOUR0200,Douala,23000
FOUR0201,Douala,100
FOUR0202,Douala,2500
FOUR0203,Douala,2500
FOUR0204,Douala,3000
FOUR0205,Douala,2000
FOUR0206,Douala,2500
FOUR0207,Douala,3000
FOUR0208,Douala,1800
FOUR0209,Douala,1500
FOUR0210,Douala,2500
FOUR0211,Douala,2500
FOUR0212,Douala,1000
FOUR0213,Douala,500
FOUR0214,Douala,1000
FOUR0215,Douala,2500
FOUR0216,Douala,3000
FOUR0217,Douala,1000
FOUR0218,Douala,500
FOUR0219,Douala,2500
FOUR0220,Douala,1000
FOUR0221,Douala,500
FOUR0222,Douala,5500
FOUR0223,Douala,6000
FOUR0224,Douala,3800
FOUR0225,Douala,1700
FOUR0226,Douala,3000
FOUR0227,Douala,200
FOUR0228,Douala,200
FOUR0229,Douala,200
FOUR0230,Douala,200
FOUR0231,Douala,250
FOUR0232,Douala,200
FOUR0233,Douala,2000
FOUR0234,Douala,1000
FOUR0235,Douala,500
FOUR0236,Douala,1000
FOUR0237,Douala,200
FOUR0177,Douala,2500
FOUR0238,Douala,1000
FOUR0239,Douala,1000
FOUR0240,Douala,500
FOUR0241,Douala,2500
FOUR0242,Douala,500
FOUR0243,Douala,100
FOUR0244,Douala,50
