CLASSE;LIVRES;PRIX
Maternelle 1ère année;Langage : Mon cahier d’activités de langage 1ère année (NATHAN);1 000
Maternelle 1ère année;Mathématiques : Mon cahier d’activités de mathématiques 1ère année (NATHAN);1 000
Maternelle 1ère année;Dessin, Peinture, Coloriage : Je pratique le dessin et le coloriage (AFRICA EDUCATION);1 000
Maternelle 2ème année;Langage : Les Majors en activité de langage Maternelle 2ème année (ASVA);1 000
Maternelle 2ème année;Mathématiques : Mon cahier d’activités de mathématiques 2ème année (NATHAN);1 000
Maternelle 2ème année;Dessin, Peinture, Coloriage : Je pratique le dessin et le coloriage (AFRICA EDUCATION);1 000
6e;EDUCATION A LA CITOYENNETE 6ème/5ème (MONDOUX);3 500
6e;Mathématiques : MATHEMATIQUES 6EME (MONDOUX);4 000
6e;Sciences : SCIENCES 6 EME (AFRICA EDUCATION);5 000
6e;Informatique : INFORMATIQUE 6EME (ECLOSION);3 500
5e;Langue Française : FRANÇAIS 5EME (AFRICA EDUCATION);4 500
5e;L’ARBRE FETICHE (CLE);2 000
5e;N’KUM-WAM, LE HUITIEME NOTABLE(AFREDIT);2 000
5e;PERE INCONNU (EDICEF / NEA);2 000
5e;Anglais: ANGLAISE 5EME (AFRICA EDUCATION);4 500
5e;Latin: LATINISTAS 6/5 EME(ECLOISION);5 000
5e;HISTOIRE: PLANETE CAMEROUN 5 /6 EME (HATIER ERA);4 200
5e;Géographie: PLANETE CAMEROUN 5EME (EDICEF ERA);4 300
5e;Education à la citoyenneté 6ème/5ème (Mondoux);3 500
5e;Mathématiques : Mathématiques 5EME (COSMOS);4 200
5e;Sciences : SCIENCE 5EME (CLE);4 000
5e;Informatique : INFORMATIQUE 5 EME (NMI);4 000
4e ALL;Langue Française : Français 4ème (AFRICA EDUCATION);5 000
4e ALL;Trois prétendants, un mari (CLE);2 500
4e ALL;LATTACHEMENT AU SOL NATAL (IFRIKIYA);1 900
4e ALL;CŒUR DU SAHEL (PROXIMITE);2 500
4e ALL;Anglais : LEVEIL EN ANGLAIS 4 EME (NMI);4 000
4e ALL;Latin : LATINISTAS 4/5 EME (ECLOSION);5 000
4e ALL;Grec : je découvre la langue grec 4/ EME(ECLOSION);5 000
4e ALL;Histoire : Planète Cameroun. Histoire 4ème (HATIER ERA);3 700
4e ALL;Géographie : Planète Cameroun 4ème (EDICEF ERA);4 300
4e ALL;Education à la citoyenneté 4ème et 3ème /. (Mondoux);3 500
4e ALL;Allemand : ERWACHEN/ALLEMAND 4EME (NMI);4 500
4e ALL;Mathématiques : MATHEMATIQUES 4EME (Belles Lettres);4 500
4e ALL;SVTEEHB : SVTEHB 4EME (MONDOUX);4 000
4e ALL;Physique, Chimie, Technologie 4EME (NMI);4 200
4e ALL;Informatique : INFORMATIQUE 4EME (ECLOSION);4 000
4e ESP;Langue Française : Français 4ème (AFRICA EDUCATION);5 000
4e ESP;Trois prétendants, un mari (CLE);2 500
4e ESP;LATTACHEMENT AU SOL NATAL (IFRIKIYA);1 900
4e ESP;CŒUR DU SAHEL (PROXIMITE);2 500
4e ESP;Anglais : LEVEIL EN ANGLAIS 4 EME (NMI);4 000
4e ESP;Latin : LATINISTAS 4/3 EME (ECLOSION);5 000
4e ESP;Grec : je découvre la langue grec 4/5 EME(ECLOSION);5 000
4e ESP;Histoire : Planète Cameroun. Histoire 4ème (HATIER ERA);3 700
4e ESP;Géographie : Planète Cameroun 4ème (EDICEF ERA);4 300
4e ESP;Education à la citoyenneté 4ème et 3ème /. (Mondoux);3 500
4e ESP;Espagnole: NUEVA DIDACTICA DEL ESPANOL I (HABIBI);5 500
4e ESP;Mathématiques : MATHEMATIQUES 4EME (Belles Lettres);4 500
4e ESP;SVTEEHB : SVTEHB 4EME (MONDOUX);4 000
4e ESP;Physique, Chimie, Technologie 4EME (NMI);4 200
4e ESP;Informatique : INFORMATIQUE 4EME (ECLOSION);4 000
4e CHINOIS;Langue Française : Français 4ème (AFRICA EDUCATION);5 000
4e CHINOIS;Trois prétendants, un mari (CLE);2 500
4e CHINOIS;L’ATTACHEMENT AU SOL NATAL (IFRIKIYA);1 900
4e CHINOIS;CŒUR DU SAHEL (PROXIMITE);2 500
4e CHINOIS;Anglais : LEVEIL EN ANGLAIS 4 EME (NMI);4 000
4e CHINOIS;Latin : LATINISTAS 4/3EME (ECLOSION);5 000
4e CHINOIS;Grec : je découvre la langue grec 4/5 EME(ECLOSION);5 000
4e CHINOIS;Histoire : Planète Cameroun. Histoire 4ème (HATIER ERA);3 700
4e CHINOIS;Géographie : Planète Cameroun 4ème (EDICEF ERA);4 300
4e CHINOIS;Education à la citoyenneté 4ème et 3ème /. (Mondoux);3 500
4e CHINOIS;Chinois : JAIME LE CHINOIS 4EME (AFRICA EDUCATION);5 500
4e CHINOIS;Mathématiques : MATHEMATIQUES 4EME (Belles Lettres);4 500
4e CHINOIS;SVTEEHB : SVTEHB 4EME (MONDOUX);4 000
4e CHINOIS;Physique, Chimie, Technologie 4EME (NMI);4 200
4e CHINOIS;Informatique : INFORMATIQUE 4EME (ECLOSION);4 000
4e ITALIEN;Langue Française : Français 4ème (AFRICA EDUCATION);5 000
4e ITALIEN;Trois prétendants, un mari (CLE);2 500
4e ITALIEN;LATTACHEMENT AU SOL NATAL (IFRIKIYA);1 900
4e ITALIEN;CŒUR DU SAHEL (PROXIMITE);2 500
4e ITALIEN;Anglais : LEVEIL EN ANGLAIS 4 EME (NMI);4 000
4e ITALIEN;Latin : LATINISTAS 4/3 EME (ECLOSION);5 000
4e ITALIEN;Grec : je découvre la langue grec 4/5 EME(ECLOSION);5 000
4e ITALIEN;Histoire : Planète Cameroun. Histoire 4ème (HATIER ERA);3 700
4e ITALIEN;Géographie : Planète Cameroun 4ème (EDICEF ERA);4 300
4e ITALIEN;Education à la citoyenneté 4ème et 3ème /. (Mondoux);3 500
4e ITALIEN;Italien : DIDACTICA DEL ITALIANO (L’HARMATTAN );3 000
4e ITALIEN;Mathématiques : MATHEMATIQUES 4EME (Belles Lettres);4 500
4e ITALIEN;SVTEEHB : SVTEHB 4EME (MONDOUX);4 000
4e ITALIEN;Physique, Chimie, Technologie 4EME (NMI);4 200
4e ITALIEN;Informatique : INFORMATIQUE 4EME (ECLOSION);4 000
3e ALL;Langue Française : Français 3ème (AFRICA EDUCATION);5 000
3e ALL;VILLE CRUELLE (PRESENCE AFRIC);2 500
3e ALL;LA MARMITE DE KOKA MBALA (CLE);1 700
3e ALL;Petites gouttes de chant pour créer l’homme (CLE);2 000
3e ALL;Anglais : L’EVEIL EN ANGLAIS (NMI);4 500
3e ALL;Latin : LATINISTAS 4/3 EME (ECLOSION);5 000
3e ALL;Grec : Je découvre la langue grecque 4/5EME(ECLOSION);5 000
3e ALL;Histoire : Planète Cameroun 3EME (Hatier);3 700
3e ALL;Géographie : Planète Cameroun 3EME(Edicef);4 300
3e ALL;Education à la citoyenneté 4ème et 3ème (Mondoux);3 500
3e ALL;ALLEMAND : ERWACHEN / ALLEMAND 3EME (NMI);4 500
3e ALL;Mathématiques : MATHEMATIQUES 3EME (D AND L);4 500
3e ALL;Sciences: SVTEHB 3EME (AFRICA EDUCATION);5 000
3e ALL;Physique, Chimie, Technologie 3EME (WISDOM);4 500
3e ALL;Informatique : INFORMATIQUE 3ème (ECLOSION);4 000
3e ESP;Langue Française : Français 3ème (AFRICA EDUCATION);5 000
3e ESP;VILLE CRUELLE (PRESENCE AFRIC);2 500
3e ESP;LA MARMITE DE KOKA MBALA (CLE);1 700
3e ESP;Petites gouttes de chant pour créer l’homme (CLE);2 000
3e ESP;Anglais : L’EVEIL EN ANGLAIS (NMI);4 500
3e ESP;Latin : LATINISTAS 4/3 EME (ECLOSION);5 000
3e ESP;Grec : Je découvre la langue grecque 4/5EME(ECLOSION);5 000
3e ESP;Histoire : Planète Cameroun 3EME (Hatier);3 700
3e ESP;Géographie : Planète Cameroun 3EME(Edicef);4 300
3e ESP;Education à la citoyenneté 4ème et 3ème (Mondoux);3 500
3e ESP;Espagnole : NUEVA DIDACTICA DEL ESPANOL 2 (HABIBI);5 500
3e ESP;Mathématiques : MATHEMATIQUES 3EME (D AND L);4 500
3e ESP;Sciences: SVTEHB 3EME (AFRICA EDUCATION);5 000
3e ESP;Physique, Chimie, Technologie 3EME (WISDOM);4 500
3e ESP;Informatique : INFORMATIQUE 3ème (ECLOSION);4 000
3e CHINOIS;Langue Française : Français 3ème (AFRICA EDUCATION);5 000
3e CHINOIS;VILLE CRUELLE (PRESENCE AFRIC);2 500
3e CHINOIS;LA MARMITE DE KOKA MBALA (CLE);1 700
3e CHINOIS;Petites gouttes de chant pour créer l’homme (CLE);2 000
3e CHINOIS;Anglais : L’EVEIL EN ANGLAIS (NMI);4500
3e CHINOIS;Latin : LATINISTAS 4/3 EME (ECLOSION);5000
3e CHINOIS;Grec : Je découvre la langue grecque 4/5EME(ECLOSION);5000
3e CHINOIS;Histoire : Planète Cameroun 3EME (Hatier);3700
3e CHINOIS;Géographie : Planète Cameroun 3EME(Edicef);4300
3e CHINOIS;Education à la citoyenneté 4ème et 3ème (Mondoux);3500
3e CHINOIS;Chinois : JAIME LE CHINOIS 3EME (AFRICA EDUCATION);4 000
3e CHINOIS;Mathématiques : MATHEMATIQUES 3EME (D AND L);4 500
3e CHINOIS;Sciences: SVTEHB 3EME (AFRICA EDUCATION);5 000
3e CHINOIS;Physique, Chimie, Technologie 3EME (WISDOM);4 500
3e CHINOIS;Informatique : INFORMATIQUE 3ème (ECLOSION);4 000
3e ITALIEN;Langue Française : Français 3ème (AFRICA EDUCATION);5 000
3e ITALIEN;VILLE CRUELLE (PRESENCE AFRIC);2 500
3e ITALIEN;LA MARMITE DE KOKA MBALA (CLE);1 700
3e ITALIEN;Petites gouttes de chant pour créer l’homme (CLE);2 000
3e ITALIEN;Anglais : L’EVEIL EN ANGLAIS (NMI);4 500
3e ITALIEN;Latin : LATINISTAS 4/3 EME (ECLOSION);5 000
3e ITALIEN;Grec : Je découvre la langue grecque 4/5EME(ECLOSION);5 000
3e ITALIEN;Histoire : Planète Cameroun 3EME (Hatier);3 700
3e ITALIEN;Géographie : Planète Cameroun 3EME(Edicef);4 300
3e ITALIEN;Education à la citoyenneté 4ème et 3ème (Mondoux);3 500
3e ITALIEN;Italien : DIDACTICA DEL ITALIANO (LHARMATTAN);3 500
3e ITALIEN;Mathématiques : MATHEMATIQUES 3EME (D AND L);4 500
3e ITALIEN;Sciences: SVTEHB 3EME (AFRICA EDUCATION);5 000
3e ITALIEN;Physique, Chimie, Technologie 3EME (WISDOM);4 500
3e ITALIEN;Informatique : INFORMATIQUE 3ème (ECLOSION);4 000
2de A4 & SES (ALL);Philosophie : L’Excellence en Philosophie (NMI);4 000
2de A4 & SES (ALL);Langue Française : Langue et Méthode au 2nd cycle  (Afric’Educ);5 000
2de A4 & SES (ALL);Les Tribus de Capitoline (CLE);3 000
2de A4 & SES (ALL);Poèmes sauvages éclairés au feu de brousse (les classiques iv);1 700
2de A4 & SES (ALL);TARTUFFE (BELLES LETTRES);2 000
2de A4 & SES (ALL);Anglais : INTERACTIONS IN ENGLISH (CAMBRIDGE);5 000
2de A4 & SES (ALL);Education à la citoyenneté : EDUCATION A LA CITOYENNETE ET A LA MORALE (MONDOUX);3 000
2de A4 & SES (ALL);Allemand : IHR und WIR Plus 3 (HUEBER);6 000
2de A4 & SES (ALL);Mathématiques : L’Excellence en Mathématiques (NMI);4 500
2de A4 & SES (ALL);Sciences : Sciences (CLE);3 500
2de A4 & SES (ALL);Informatique : L’Excellence en Informatique (NMI);3 100
2de A4 & SES (ALL);HISTOIRE : le monde. De la préhistoire au moyen-âge (CLE);4 000
2de A4 & SES (ESP);Philosophie : L’Excellence en Philosophie (NMI);4 000
2de A4 & SES (ESP);Langue Française : Langue et Méthode au 2nd cycle  (Afric’Educ);5000
2de A4 & SES (ESP);Les Tribus de Capitoline (CLE);3 000
2de A4 & SES (ESP);Poèmes sauvages éclairés au feu de brousse (les classiques iv);1 700
2de A4 & SES (ESP);TARTUFFE (BELLES LETTRES;2 000
2de A4 & SES (ESP);Anglais: INTERACTIONS IN ENGLISH (CAMBRIDGE;5 000
2de A4 & SES (ESP);Education à la citoyenneté : EDUCATION A LA CITOYENNETE ET A LA MORALE (MONDOUX);3 000
2de A4 & SES (ESP);Espagnole : NUEVA DIDACTICA DEL ESPANOL III (HABIBI);4 900
2de A4 & SES (ESP);Mathématiques : L’Excellence en Mathématiques (NMI);4 500
2de A4 & SES (ESP);Sciences : Sciences (CLE);3 500
2de A4 & SES (ESP);Informatique : L’Excellence en Informatique (NMI);3 100
2de A4 & SES (ESP);HISTOIRE : le monde. De la préhistoire au moyen-âge (CLE);4 000
2de A4 & SES (CHINOIS);Philosophie : L’Excellence en Philosophie (NMI);4 000
2de A4 & SES (CHINOIS);Langue Française : Langue et Méthode au 2nd cycle  (Afric’Educ);5 000
2de A4 & SES (CHINOIS);Les Tribus de Capitoline (CLE);3 000
2de A4 & SES (CHINOIS);Poèmes sauvages éclairés au feu de brousse (les classiques iv);1 700
2de A4 & SES (CHINOIS);TARTUFFE (BELLES LETTRES);2 000
2de A4 & SES (CHINOIS);Anglais: INTERACTIONS IN ENGLISH (CAMBRIDGE);5 000
2de A4 & SES (CHINOIS);Education à la citoyenneté : EDUCATION A LA CITOYENNETE ET A LA MORALE (MONDOUX);3 000
2de A4 & SES (CHINOIS);Chinois : BONJOUR CAMEROUN 3 (D/L);3 500
2de A4 & SES (CHINOIS);Mathématiques : L’Excellence en Mathématiques (NMI);4 500
2de A4 & SES (CHINOIS);Sciences : Sciences (CLE);3 500
2de A4 & SES (CHINOIS);Informatique : L’Excellence en Informatique (NMI);3 100
2de A4 & SES (CHINOIS);HISTOIRE : le monde. De la préhistoire au moyen-âge (CLE);4 000
2de C & E;Philosophie : L’Excellence en Philosophie (NMI);4 000
2de C & E;Langue Française : Langue et Méthode au 2nd cycle  (Afric’Educ);5 000
2de C & E;Les Tribus de Capitoline (CLE);3 000
2de C & E;Poèmes sauvages éclairés au feu de brousse (les classiques iv);1 700
2de C & E;TARTUFFE (BELLES LETTRES);2 000
2de C & E;Anglais: INTERACTIONS IN ENGLISH (CAMBRIDGE);5 000
2de C & E;Education à la citoyenneté : EDUCATION A LA CITOYENNETE ET A LA MORALE (MONDOUX);3 000
2de C & E;Mathématiques : L’EXCELLENCE EN MATHEMATIQUES  (NMI);5 500
2de C & E;SVTEEHB (CLE);5 000
2de C & E;Physique, Chimie : L’EXCELLENCE EN PHYSIQUE-CHIMIE  (NMI);6 000
2de C & E;Informatique : L’EXCELLENCE EN INFORMATIQUE (NMI);3 100
2de C & E;HISTOIRE : le monde. De la préhistoire au moyen-âge (CLE);4 000
2de AC;Philosophie : L’Excellence en Philosophie (NMI);4 000
2de AC;Langue Française : Langue et Méthode au 2nd cycle  (Afric’Educ);5 000
2de AC;Les Tribus de Capitoline (CLE);3 000
2de AC;Poèmes sauvages éclairés au feu de brousse (les classiques iv);1700
2de AC;TARTUFFE (BELLES LETTRES);2 000
2de AC;Anglais: INTERACTIONS IN ENGLISH (CAMBRIDGE);5 000
2de AC;Education à la citoyenneté : EDUCATION A LA CITOYENNETE ET A LA MORALE (MONDOUX);3 000
2de AC;MATHEMATIQUES : L’EXCELLENCE EN MATHEMATIQUES (NMI);5 500
2de AC;SVTEEHB (CLE);5 000
2de AC;PHYSIQUE, CHIMIE : L’EXCELLENCE EN PHYSIQUE-CHIMIE (NMI);6 000
2de AC;Initiation aux Arts cinématographiques (Terre Africaine);5 000
2de AC;HISTOIRE : le monde. De la préhistoire au moyen-âge (CLE);4 000
1re A4 & SES (ALL);Langue Française : Langue et Méthode au 2nd cycle  (Afric’Educ);5 000
1re A4 & SES (ALL);AU CŒUR DES TENEBRES (ECLOSION);1 900
1re A4 & SES (ALL);Balafon (CLE);1 800
1re A4 & SES (ALL);LE LION ET LA PERLE(CLE);1 700
1re A4 & SES (ALL);PHILOSOPHIE. 1ERES LITTERAIRES (Mondoux);4 500
1re A4 & SES (ALL);Anglais: INTERACTIONS IN ENGLISH (CAMBRIDGE);4 500
1re A4 & SES (ALL);Education à la citoyenneté 1ère S (Mondoux);3 000
1re A4 & SES (ALL);Allemand: Deutsch in Africa (ABID);5 000
1re A4 & SES (ALL);Mathématiques : Majors en Mathématiques (ASVA);3 500
1re A4 & SES (ALL);Sciences : Sciences (CLE);5 000
1re A4 & SES (ALL);"Informatique : A la conquête de l’informatique, 1ères 
ENSG et ENSG Technique (R.LUSTRAL)";3 400
1re A4 & SES (ALL);HISTOIRE : le Monde. De la fin du XVIe siècle à 1939 (CLE);4 500
1re A4 & SES (ESP);Langue Française : Langue et Méthode au 2nd cycle  (Afric’Educ);5 000
1re A4 & SES (ESP);AU CŒUR DES TENEBRES (ECLOSION);1 900
1re A4 & SES (ESP);Balafon (CLE);1 800
1re A4 & SES (ESP);LE LION ET LA PERLE(CLE);1 700
1re A4 & SES (ESP);PHILOSOPHIE. 1ERES LITTERAIRES (Mondoux);4 500
1re A4 & SES (ESP);Anglais: INTERACTIONS IN ENGLISH (CAMBRIDGE);4 500
1re A4 & SES (ESP);Education à la citoyenneté 1ère S (Mondoux);3 000
1re A4 & SES (ESP);Espagnole : NUEVA DIDACTICA DEL ESPANOL IV  (HABIBI);5 900
1re A4 & SES (ESP);Mathématiques : Majors en Mathématiques (ASVA);3 500
1re A4 & SES (ESP);Sciences : Sciences (CLE);5 000
1re A4 & SES (ESP);Informatique : A la conquête de l’informatique, 1ères ENSG et ENSG Technique (R.LUSTRAL);3 400
1re A4 & SES (ESP);HISTOIRE : le Monde. De la fin du XVIe siècle à 1939 (CLE);4 500
1re A4 & SES (ESP);Langue Française : Langue et Méthode au 2nd cycle  (Afric’Educ);5 000
1re A4 & SES (ALL);AU CŒUR DES TENEBRES (ECLOSION);1 900
1re A4 & SES (ALL);Balafon (CLE);1 800
1re A4 & SES (ALL);LE LION ET LA PERLE(CLE);1 700
1re A4 & SES (ALL);PHILOSOPHIE. 1ERES LITTERAIRES (Mondoux);4 500
1re A4 & SES (ALL);Anglais: INTERACTIONS IN ENGLISH (CAMBRIDGE);4 500
1re A4 & SES (CHINOIS);Education à la citoyenneté 1ère S (Mondoux);3 000
1re A4 & SES (CHINOIS);Chinois : BONJOUR CAMEROUN 4 (D/L);3 500
1re A4 & SES (CHINOIS);Mathématiques : Majors en Mathématiques (ASVA);3 500
1re A4 & SES (CHINOIS);Sciences : Sciences (CLE);5 000
1re A4 & SES (CHINOIS);Informatique : A la conquête de l’informatique, 1ères ENSG et ENSG Technique (R. LUSTRAL);3 400
1re A4 & SES (CHINOIS);HISTOIRE : le Monde. De la fin du XVIe siècle à 1939 (CLE);4 500
1re C & E;Langue Française : Langue et Méthode au 2nd cycle  (Afric’Educ);5 000
1re C & E;AU CŒUR DES TENEBRES (ECLOSION);1 900
1re C & E;Balafon (CLE);1 800
1re C & E;LE LION ET LA PERLE(CLE);1 700
1re C & E;PHILOSOPHIE. 1ERE SCIENTIFIQUE (Mondoux);3 000
1re C & E;Anglais: INTERACTIONS IN ENGLISH (CAMBRIDGE);4 500
1re C & E;Education à la citoyenneté 1ère S (Mondoux);3 000
1re C & E;Mathématiques : L’Excellence en Mathématiques (NMI);6 500
1re C & E;SVTEEHB : L’Excellence en SVTEEHB 1ère C/TI/E (NMI);6 500
1re C & E;Physique : L’Excellence en Physique 1ère C et D (NMI);5 000
1re C & E;Chimie : L’Excellence en Chimie (NMI);4 500
1re C & E;Informatique : A la conquête de l’Informatique (R. LUSTRAL);3 600
1re C & E;HISTOIRE : le Monde. De la fin du XVIe siècle à 1939 (CLE);4 500
1re D & TI;Langue Française : Langue et Méthode au 2nd cycle  (Afric’Educ);5 000
1re D & TI;AU CŒUR DES TENEBRES (ECLOSION);1 900
1re D & TI;Balafon (CLE);1 800
1re D & TI;LE LION ET LA PERLE(CLE);1 700
1re D & TI;PHILOSOPHIE. 1ERES SCIENTIFIQUE (Mondoux);3 000
1re D & TI;Anglais: INTERACTIONS IN ENGLISH (CAMBRIDGE);4 500
1re D & TI;Education à la citoyenneté 1ère S (Mondoux);3 000
1re D & TI;Mathématiques : Mathématiques 1ère D et TI (CEPER);5 500
1re D & TI;SVTEEHB : SVTEEHB (CLE);6 500
1re D & TI;Chimie : L’Excellence en Chimie (NMI);4 500
1re D & TI;Physique : L’Excellence en Physique 1ère C et D (NMI);5 000
1re D & TI;Informatique : A la conquête de l’Informatique (R. LUSTRAL);3 600
1re D & TI;HISTOIRE : le Monde. De la fin du XVIe siècle à 1939 (CLE);4 500
Tle A4 (ALL);Langue Française : Langue et Méthode au 2nd cycle (Afric’Educ);5 000
Tle A4 (ALL);STANCES ET POEMES SUIVI DE LES EPREUVES (ECLOSION);1 900
Tle A4 (ALL);LE VIEUX NEGRE ET LA MEDAILLE (EDICEF);2 500
Tle A4 (ALL);Ngum a Jemea. La foi inébranlable de Rudolf Dualla Manga Bell (CICD);3 000
Tle A4 (ALL);Anglais: INTERACTION IN ENGLISH (CAMBRIDGE);5 000
Tle A4 (ALL);Education à la Citoyenneté : Emergeons en éducation à la citoyenneté (MONDOUX);3 900
Tle A4 (ALL);Allemand : IHR und WIR Plus 4 (HUEBER);5 000
Tle A4 (ALL);Philosophie : Emergeons en Philosophie. Tles Littéraires (MONDOUX);7 800
Tle A4 (ALL);De la médiocrité à l’excellence (CLE);3 000
Tle A4 (ALL);Essai sur la problématique philosophique en Afrique (CLE);1 800
Tle A4 (ALL);Mathématiques : Majors en Mathématiques (ASVA);3 900
Tle A4 (ALL);Informatique : A la conquête de l’informatique, niveau 7 (R. LUSTRAL);3 500
Tle A4 (ALL);Sciences Tles Littéraires : L’Excellence en Sciences (NMI);4 000
Tle A4 (ALL);HISTOIRE Tles (CAMBRIDGE);5 000
Tle A4 (ESP);Langue Française : Langue et Méthode au 2nd cycle (Afric’Educ);5 000
Tle A4 (ESP);STANCES ET POEMES SUIVI DE LES EPREUVES (ECLOSION);1 900
Tle A4 (ESP);LE VIEUX NEGRE ET LA MEDAILLE (EDICEF);2 500
Tle A4 (ESP);Ngum a Jemea. La foi inébranlable de Rudolf Dualla Manga Bell (CICD);3 000
Tle A4 (ESP);Anglais: INTERACTION IN ENGLISH (CAMBRIDGE);5 000
Tle A4 (ESP);Education à la Citoyenneté : Emergeons en éducation à la citoyenneté (MONDOUX);3 900
Tle A4 (ESP);Espagnole : NUEVA DIDACTICA DEL ESPANOL V (HABIBI);5 000
Tle A4 (ESP);Philosophie : Emergeons en Philosophie. Tles Littéraires (MONDOUX);7 800
Tle A4 (ESP);De la médiocrité à l’excellence (CLE);3 000
Tle A4 (ESP);Essai sur la problématique philosophique en Afrique (CLE);1 800
Tle A4 (ESP);Mathématiques : Majors en Mathématiques (ASVA);3 900
Tle A4 (ESP);Informatique : A la conquête de l’informatique, niveau 7 (R. LUSTRAL);3 500
Tle A4 (ESP);Sciences Tles Littéraires : L’Excellence en Sciences (NMI);4 000
Tle A4 (ESP);HISTOIRE Tles (CAMBRIDGE);5 000
Tle A4 (CHINOIS);Langue Française : Langue et Méthode au 2nd cycle (Afric’Educ);5 000
Tle A4 (CHINOIS);STANCES ET POEMES SUIVI DE LES EPREUVES (ECLOSION);1 900
Tle A4 (CHINOIS);LE VIEUX NEGRE ET LA MEDAILLE (EDICEF);2 500
Tle A4 (CHINOIS);Ngum a Jemea. La foi inébranlable de Rudolf Dualla Manga Bell (CICD);3 000
Tle A4 (CHINOIS);Anglais: INTERACTION IN ENGLISH (CAMBRIDGE);5 000
Tle A4 (CHINOIS);Education à la Citoyenneté : Emergeons en éducation à la citoyenneté (MONDOUX);3 900
Tle A4 (CHINOIS);Chinois : BONJOUR CAMEOUN 4 (d/L);3 500
Tle A4 (CHINOIS);Philosophie : Emergeons en Philosophie. Tles Littéraires (MONDOUX);7 800
Tle A4 (CHINOIS);De la médiocrité à l’excellence (CLE);3 000
Tle A4 (CHINOIS);Essai sur la problématique philosophique en Afrique (CLE);1 800
Tle A4 (CHINOIS);Mathématiques : Majors en Mathématiques (ASVA);3 900
Tle A4 (CHINOIS);Informatique : A la conquête de l’informatique, niveau 7 (R. LUSTRAL);3 500
Tle A4 (CHINOIS);Sciences Tles Littéraires : L’Excellence en Sciences (NMI);4 000
Tle A4 (CHINOIS);HISTOIRE Tles (CAMBRIDGE);5 000
Tle A4 (ITALIEN);Langue Française : Langue et Méthode au 2nd cycle (Afric’Educ);5 000
Tle A4 (ITALIEN);STANCES ET POEMES SUIVI DE LES EPREUVES (ECLOSION);1 900
Tle A4 (ITALIEN);LE VIEUX NEGRE ET LA MEDAILLE (EDICEF);2 500
Tle A4 (ITALIEN);Ngum a Jemea. La foi inébranlable de Rudolf Dualla Manga Bell (CICD);3 000
Tle A4 (ITALIEN);Anglais: INTERACTION IN ENGLISH (CAMBRIDGE);5 000
Tle A4 (ITALIEN);Education à la Citoyenneté : Emergeons en éducation à la citoyenneté (MONDOUX);3 900
Tle A4 (ITALIEN);Italien : PIACERE ! NIVEAU 4/B1 (BERLIN);6 000
Tle A4 (ITALIEN);Philosophie : Emergeons en Philosophie. Tles Littéraires (MONDOUX);7 800
Tle A4 (ITALIEN);De la médiocrité à l’excellence (CLE);3 000
Tle A4 (ITALIEN);Essai sur la problématique philosophique en Afrique (CLE);1 800
Tle A4 (ITALIEN);Mathématiques : Majors en Mathématiques (ASVA);3 900
Tle A4 (ITALIEN);Informatique : A la conquête de l’informatique, niveau 7 (R. LUSTRAL);3 500
Tle A4 (ITALIEN);Sciences Tles Littéraires : L’Excellence en Sciences (NMI);4 000
Tle A4 (ITALIEN);HISTOIRE Tles (CAMBRIDGE);5 000
Tle SES (ALL);Langue Française : Langue et Méthode au 2nd cycle (Afric’Educ);5 000
Tle SES (ALL);STANCES ET POEMES SUIVI DE LES EPREUVES (ECLOSION);1 900
Tle SES (ALL);LE VIEUX NEGRE ET LA MEDAILLE (EDICEF);2 500
Tle SES (ALL);Ngum a Jemea. La foi inébranlable de Rudolf Dualla Manga Bell (CICD);3 000
Tle SES (ALL);Anglais: INTERACTION IN ENGLISH (CAMBRIDGE);5 000
Tle SES (ALL);Education à la Citoyenneté : Emergeons en éducation à la citoyenneté (MONDOUX);3 900
Tle SES (ALL);IHR und WIR Plus 4 (Allemand) (HUEBER);5 000
Tle SES (ALL);Philosophie : Majors en Philosophie. Tles SES (ASVA);5 000
Tle SES (ALL);De la médiocrité à l’excellence (CLE);3 000
Tle SES (ALL);Essai sur la problématique philosophique en Afrique (CLE);1 800
Tle SES (ALL);Mathématiques : Majors en Mathématiques (ASVA);3 900
Tle SES (ALL);Informatique : A la conquête de l’informatique, niveau 7 (R. LUSTRAL);3 500
Tle SES (ALL);Sciences Tles Littéraires : L’Excellence en Sciences (NMI);4 000
Tle SES (ALL);HISTOIRE Tles (CAMBRIDGE);5 000
Tle SES (ESP);Langue Française : Langue et Méthode au 2nd cycle (Afric’Educ);5 000
Tle SES (ESP);STANCES ET POEMES SUIVI DE LES EPREUVES (ECLOSION);1 900
Tle SES (ESP);LE VIEUX NEGRE ET LA MEDAILLE (EDICEF);2 500
Tle SES (ESP);Ngum a Jemea. La foi inébranlable de Rudolf Dualla Manga Bell (CICD);3 000
Tle SES (ESP);Anglais: INTERACTION IN ENGLISH (CAMBRIDGE);5 000
Tle SES (ESP);Education à la Citoyenneté : Emergeons en éducation à la citoyenneté (MONDOUX);3 900
Tle SES (ESP);Nueva Didacta Del Espanol V (HABIBI);6 000
Tle SES (ESP);Philosophie : Majors en Philosophie. Tles SES (ASVA);5 000
Tle SES (ESP);De la médiocrité à l’excellence (CLE);3 000
Tle SES (ESP);Essai sur la problématique philosophique en Afrique (CLE);1 800
Tle SES (ESP);Mathématiques : Majors en Mathématiques (ASVA);3 900
Tle SES (ESP);Informatique : A la conquête de l’informatique, niveau 7 (R. LUSTRAL);3 500
Tle SES (ESP);Sciences Tles Littéraires : L’Excellence en Sciences (NMI);4 000
Tle SES (ESP);HISTOIRE Tles (CAMBRIDGE);5 000
Tle SES CHINOIS;Langue Française : Langue et Méthode au 2nd cycle (Afric’Educ);5 000
Tle SES CHINOIS;STANCES ET POEMES SUIVI DE LES EPREUVES (ECLOSION);1 900
Tle SES CHINOIS;LE VIEUX NEGRE ET LA MEDAILLE (EDICEF);2 500
Tle SES CHINOIS;Ngum a Jemea. La foi inébranlable de Rudolf Dualla Manga Bell (CICD);3 000
Tle SES CHINOIS;Anglais: INTERACTION IN ENGLISH (CAMBRIDGE);5 000
Tle SES CHINOIS;Education à la Citoyenneté : Emergeons en éducation à la citoyenneté (MONDOUX);3 900
Tle SES CHINOIS;Chinois : BONJOUR CAMEOUN 4 (d/L);3 500
Tle SES CHINOIS;Philosophie : Majors en Philosophie. Tles SES (ASVA);5 000
Tle SES CHINOIS;De la médiocrité à l’excellence (CLE);3 000
Tle SES CHINOIS;Essai sur la problématique philosophique en Afrique (CLE);1 800
Tle SES CHINOIS;Mathématiques : majors en mathématiques (ASVA);3 900
Tle SES CHINOIS;Informatique : A la conquête de l’informatique, niveau 7 (R.LUSTRAL);3 500
Tle SES CHINOIS;Sciences Tles littéraires : l’excellence en sciences (NMI);4 000
Tle SES CHINOIS;Histoire : histoire Tles;5 000
Tle SES ITALIEN;Langue Française : Langue et Méthode au 2nd cycle (Afric’Educ);5 000
Tle SES ITALIEN;STANCES ET POEMES SUIVI DE LES EPREUVES (ECLOSION);1 900
Tle SES ITALIEN;LE VIEUX NEGRE ET LA MEDAILLE (EDICEF);2 500
Tle SES ITALIEN;Ngum a Jemea. La foi inébranlable de Rudolf Dualla Manga Bell (CICD);3 000
Tle SES ITALIEN;Anglais: INTERACTION IN ENGLISH (CAMBRIDGE);5 000
Tle SES ITALIEN;Education à la Citoyenneté : Emergeons en éducation à la citoyenneté (MONDOUX);3 900
Tle SES ITALIEN;Italien : PIACERE ! NIVEAU 4/B1 (BERLIN);6 000
Tle SES ITALIEN;Philosophie : Majors en Philosophie. Tles SES (ASVA);5 000
Tle SES ITALIEN;De la médiocrité à l’excellence (CLE);3 000
Tle SES ITALIEN;Essai sur la problématique philosophique en Afrique (CLE);1 800
Tle SES ITALIEN;Mathématiques : Majors en Mathématiques (ASVA);3 900
Tle SES ITALIEN;Informatique : A la conquête de l’informatique, niveau 7 (R. LUSTRAL);3 500
Tle SES ITALIEN;Sciences Tles Littéraires : L’Excellence en Sciences (NMI);4 000
Tle SES ITALIEN;HISTOIRE Tles (CAMBRIDGE);5 000
Tle C et E;Langue Française : Langue et Méthode au 2nd cycle (Afric’Educ);5 000
Tle C et E;STANCES ET POEMES SUIVI DE LES EPREUVES (ECLOSION);1 900
Tle C et E;LE VIEUX NEGRE ET LA MEDAILLE (EDICEF);2 500
Tle C et E;Ngum a Jemea. La foi inébranlable de Rudolf Dualla Manga Bell (CICD);3 000
Tle C et E;Anglais: INTERACTION IN ENGLISH (CAMBRIDGE);5 000
Tle C et E;Education à la Citoyenneté : Emergeons en éducation à la citoyenneté (MONDOUX);3 900
Tle C et E;Emergeons en Philosophie. Tles Scientifiques (MONDOUX);5 000
Tle C et E;De la médiocrité à l’excellence (CLE);3 000
Tle C et E;Essai sur la problématique philosophique en Afrique (CLE);1 800
Tle C et E;Mathématiques : Emergeons en Mathématiques (MONDOUX);6 000
Tle C et E;Physique (Tles C, D, E et TI) : L’Excellence en Physique (NMI);6 500
Tle C et E;Chimie : Chimie Terminales C, D et E (NMI);5 500
Tle C et E;SVTEEHB,Tle C ET TI (MONDOUX);6 500
Tle C et E;HISTOIRE Tles (CAMBRIDGE);5 000
Tle D et TI;"Langue Française : Langue et Méthode au 2nd cycle  
(Afric’Educ)";5 000
Tle D et TI;STANCES ET POEMES SUIVI DE LES EPREUVES (ECLOSION);1 900
Tle D et TI;LE VIEUX NEGRE ET LA MEDAILLE (EDICEF);2 500
Tle D et TI;"Ngum a Jemea. La foi inébranlable de Rudolf Dualla  
Manga Bell (CICD)";3 000
Tle D et TI;Anglais: INTERACTION IN ENGLISH (CAMBRIDGE);5 000
Tle D et TI;Education à la Citoyenneté : Emergeons en éducation à la citoyenneté (MONDOUX);3 900
Tle D et TI;Emergeons en Philosophie. Tles Scientifiques (MONDOUX);5 000
Tle D et TI;De la médiocrité à l’excellence (CLE);3 000
Tle D et TI;Essai sur la problématique philosophique en Afrique (CLE);1 800
Tle D et TI;Physique (Tles C, D, E et TI) : L’Excellence en Physique (NMI);6 500
Tle D et TI;Chimie : Chimie Terminales C, D et E (NMI);5500
Tle D et TI;"Mathématiques : Emergeons en Mathématiques  
(MONDOUX)";5 500
Tle D et TI;SVTEEHB: SVTEEHB Tle D (CLE);8 000
Tle D et TI;Informatique C, D, E et TI : A la conquête de l’Informatique, niveau 7 (R. LUSTRAL);3 900
Tle D et TI;HISTOIRE Tles (CAMBRIDGE);5 000
FORM I AND 1st YEAR;English Language: PRIME ENGLISH FORM1 (NMI);3 800
FORM I AND 1st YEAR;FIRESIDE TALES (PENG EDITION);2 000
FORM I AND 1st YEAR;AN INTRODUCTION TO POETRY, VOL.1(SHILOH PRINTERS);1 200
FORM I AND 1st YEAR;CLEAN SCHOOL (MONDOUX);1 000
FORM I AND 1st YEAR;French Language: FRENCH FORM 1(MONDOUX);3 600
FORM I AND 1st YEAR;History: HISTORY FOR FORM 1(GRASSROOTS);3 200
FORM I AND 1st YEAR;"Geography : Geography for competency 
Development: BOOK1(GREENWORLD)";3 000
FORM I AND 1st YEAR;"Citizenship: THE PATRIOTIC CITIZEN BOOK 1  
(GREENWORLD)";4 000
FORM I AND 1st YEAR;"Mathematics : INTEGRATED SECONDARY MATHEMATIC  
FORM1 (SHILOH PRINTED)";3 500
FORM I AND 1st YEAR;Physics: PRIME PHYSICS FORM1 (NMI);3 200
FORM I AND 1st YEAR;"Chemistry : ELEMENTARY Chemistry FOR FORM 1 (TOWA  
BOOKS)";3 000
FORM I AND 1st YEAR;"Biology : EMERGING Biology FORM 1 (GLOBAL  
PUBLISHER)";3 500
FORM I AND 1st YEAR;"Computer Science : Computer Science FOR FORM1  
(GRASSROOTS)";3 500
FORM I AND 1st YEAR;"Home Economics : CONTEXTUAL HOME ECONOMICS  
FORM 1(GRACE PUBLISHER)";4 500
FORM II AND 2st YEAR;English Language: PRIME ENGLISH FORM 2 (NMI);3 800
FORM II AND 2st YEAR;GOING HOME (NYAA PUBLISHER);2 000
FORM II AND 2st YEAR;"AN INTRODUCTION TO POETRY, VOL.2(SHILOH  
PRINTERS)";1 200
FORM II AND 2st YEAR;A TIME TO RECONCILE (PEACOCK);1 200
FORM II AND 2st YEAR;French Language: FRENCH FORM 2 (MONDOUX);3 500
FORM II AND 2st YEAR;"History: BASIC KEYSTONES IN HISTORY FORM2 (GRACE  
PUBLISHER)";4 000
FORM II AND 2st YEAR;"Geography : Geography for Competency 
Development 2(GREENWORLD)";4 000
FORM II AND 2st YEAR;"Citizenship : THE ADVOCATE FOR CITIZENSHIP 
EDUCATION FORM 2 (GRACE PUBLISHER)";3 500
FORM II AND 2st YEAR;"Pure Mathematics : INTEGRATED SECONDARY 
MATHEMATIC BOOK 2 (SHILOH PRINTED)";3 500
FORM II AND 2st YEAR;"Physics: PHYSICS FOR SECONDARY SCHOOL IN 
CAMEROON FORM 2 (LONGHORN)";3 500
FORM II AND 2st YEAR;"Chemistry: INTEGRATED SECONDARY CHEMISTRY  
(DOMINION)";3 000
FORM II AND 2st YEAR;"Biology: EMERGING BIOLOGY BOOK 2 (GLOBAL  
PUBLISHER)";3 000
FORM II AND 2st YEAR;"Computer Science : COMPUTER FOR FORM 2  
(GRASSROOTS)";3 500
FORM II AND 2st YEAR;"Home Economics: CONTEXTUAL HOME ECONOMICS  
FORM 2(GRACE PUBLISHER)";4 500
FORM III;English Language: INNOVATIVE ENGLISH (MONDOUX);3  600 FCFA
FORM III;A PEN KILLS (NMI);2 500
FORM III;MY CAMEROON AND OTHERS POEME (PENG EDITION);1 800
FORM III;"INCLUSIVE EDUCATION : THE WAY TO GO (NYAA  
PUBLISHER)";1 800
FORM III;"French Language: FRENCH FORM 3 (AFRICA  
EDUCATION)";3 900
FORM III;"Logic: The Essential Logic for Ordinary Level  
(GRASSROOTS)";2 500
FORM III;"History: AN INTEGRATED HISTORY SINCE 1850 FOR Forms 
3, 4 & 5 (QUALITY PRINT)";6 000
FORM III;"NEW 21ST CENTURY PHYSICAL, HUMAN AND 
CAMEROON GEOGRAPHY (GRASSROOTS)";8 000
FORM III;International Studen’t Atlas (Forms III to V) (OXFORD);6 000
FORM III;"Citizenship: Citizenship Education FORMS 3,4,5  
(CATWA)";3 000
FORM III;"Food and Nutrition : CONTEXTUAL FOOD AND 
NUTRITION Form III (GRACE PUBLISHER)";4 500
FORM III;"Economics: ECONOMICS FOR GCE O/ A LEVEL AND  
ITVE (CATWA)";7 000
FORM III;"Commerce : SUCCESS IN COMMERCE FORMS 3,4,5  
(GRACE PUBLISHER)";7 000
FORM III;Pure Mathematics: PRIME MATHEMATICSFORM 3 (NMI);4 200
FORM III;Physics: PHYSICS FORM 3 (GRACE PUBLISHER);4 500
FORM III;"Chemistry : Understanding Chemistry FORMS 3,4,5  
(TEWA BOOKS)";6 500
FORM III;Biology : Understanding Biology (GREENWORLD);6 500
FORM III;Computer Science: PRIME ICT FORM 3 (NMI);4 000
FORM IV;English Language: prime, form 4  (NMI);4 200
FORM IV;The Crown of Thorns (Grace Publisher);3 500
FORM IV;French Language: FRENCH FORM 4 (MONDOUX);3  600 FCFA
FORM IV;"Logic: The Essential Logic for Ordinary Level  
(GRASSROOTS)";2 500
FORM IV;"History: AN INTEGRATED HISTORY SINCE 1850 FOR Forms 
3, 4 & 5 (QUALITY PRINT)";6 000
FORM IV;"Geography: 21st Century Applied Physical  
Geography and Mapwork for Forms 4 and 5 
(GRASSROOTS)";8 000
FORM IV;"CITIZENSHIP : the ADVOCATE for CITIZENSHIP EDUCATION 
FORMS 4 AND 5 (GRACE PUBLISHER)";4 000
FORM IV;"Geology: BASIC BIOLOGY FOR COLLEGE FORM 4 and 5  
 (TEWA BOOKS)";5 000
FORM IV;"Economics: ECONOMICS FOR GCE O LEVEL AND  
ITVE form 3,4 and 5 (CATWA)";7 000
FORM IV;Commerce : success in commerce forms 3, 4 and 5 (CATWA);4 000
FORM IV;"Pure Mathematics: PRIME MATHEMATICS FORM 4 AND  
5 (NMI)";5 500
FORM IV;"Additional Mathematics: Explaining Additional 
Mathematics (NAARAT)";9 000
FORM IV;Physics: STANDART PHYSICS FORM 4 (DOMINION);5 000
FORM IV;"Chemistry: Understanding Chemistry FORM 3,4 and 5  
(TEWA BOOKS)";6 500
FORM IV;"Human Biology: Understanding Biology Vol. 2  
(GREENWORLD)";6 500
FORM IV;Biology: Understanding Biology Vol. 1 form 4 and 5 (GREENWORLD);8 000
FORM IV;Food and Nutrition: CONTEXTUAL FOOD AND NUTRITION FORMS 4 AND 5(GRACE PUBLISHER);4 500
FORM IV;"Computer Science ; computer science form 4 (Africa Education)";4 500
FORM V;English Language: prime English form 5 (NMI);4 500
FORM V;"French Language: FRENCH FORM 5 
(AFRICAEDUCATION)";4 000
FORM V;"Logic: The Essential Logic for Ordinary Level  
(GRASSROOTS)";2 500
FORM V;"History: AN INTEGRATED HISTORY SINCE 1850 FOR Forms  
3, 4 & 5 (QUALITY PRINT)";6 000
FORM V;The Crown of Thorns (Grace Publisher);3 500
FORM V;Geography: new  21st Century physical, Human and cameroon Geography for forms 3,4 and 5 (GRASSROOTS);8 000
FORM V;"Geology: Basic Geology for colleges, forms 4 and 5
(TEWA Books)";5 000
FORM V;"CITIZENSHIP : THE ADVOCATE FOR CITIZENSHIP EDUCATION FORMS 4 and 5  
 (Grace Publisher)";4 000
FORM V;"Commerce : success in commerce forms 3, 4 and 5
 (Grace Publisher)";7 000
FORM V;"Mathematics: PRIME MATHEMATICS FORM 4 AND 5  
(NMI)";5 300
FORM V;"Additional Mathematics: Explaining Additional
Mathematics (NAARAT";9 000
FORM V;Physics : prime physics form 5 (NMI);5 000
FORM V;"Chemistry : Understanding Chemistry, forms 3, 4 and 5
(TEWA Books)";6 500
FORM V;Biology : Understanding Biology Vol.1 Forms 4 and 5 (Greenworld);8 000
FORM V;Human biology : Understanding Biology, forms 4 and 5 Vol. 2 (Greenworld);6 500
FORM V;Computer science :computer science form 5 (Africa Edu);5 000
LOWER & UPPER SIXTH;English Language: Mastering English (NMI);4 500
LOWER & UPPER SIXTH;The Lady With the Beard (CLE);2 500
LOWER & UPPER SIXTH;The General prologue and The Merchant’s Tale (NMI EDUCATION);1500
LOWER & UPPER SIXTH;Prose and poetry Appreciation Handbook (Presbook);3 500
LOWER & UPPER SIXTH;A Stylistic Guide to Literary Appreciation (CLE);3 000
LOWER & UPPER SIXTH;Apprenons le Français (ANUCAM);4 000
LOWER & UPPER SIXTH;Walaande. L’art de partager un mari (Proximité);3 000
LOWER & UPPER SIXTH;Le fils d’Agatha Moudio (CLE);3 200
LOWER & UPPER SIXTH;Certified Philosophy for Cameroon GCE (Catwa);7 500
LOWER & UPPER SIXTH;Comprehensive advanced level history (Grace publisher);9 500
LOWER & UPPER SIXTH;Complete physical Geography and contemporary Environmental Issues for Advanced Learners / Practical Geography (Grassroots publ);11 000
LOWER & UPPER SIXTH;Advanced integrated Human Geography (Greenworld);11 000
LOWER & UPPER SIXTH;Statistical Techniques and Fieldwork in Geography (Gassroots publ);4 500
LOWER & UPPER SIXTH;Advanced Level Pure Mathematics Made Easy (Grace publ);8 000
LOWER & UPPER SIXTH;Further Pure Mathematics Made Easy (Grace publ);9 000
LOWER & UPPER SIXTH;Mathematics : Mechanics and Probability (Oxford);10 000
LOWER & UPPER SIXTH;An Integrated Core Approach Demystifield Further Mechanics (Quality Print);4 000
LOWER & UPPER SIXTH;Advanced chemistry ( Oxford);15 500
LOWER & UPPER SIXTH;Comprehensive A Level Biology : Concepts and App (Presbook);9 000
LOWER & UPPER SIXTH;Geology for advanced level(Main textbook)  (Grassroots);8 500
LOWER & UPPER SIXTH;Panorama of advanced level. Practical manual ( Grassroots);2 500
LOWER & UPPER SIXTH;Advanced level ICT demystified (Grassroots);6 500
LOWER & UPPER SIXTH;advanced computer science demystifield( Grassroots);6 500
LOWER & UPPER SIXTH;Advanced economics (Destiny Print);6 000
LOWER & UPPER SIXTH;Explaining advanced level statistics ( Naarat pub);10 000
LOWER & UPPER SIXTH;Advanced level physics : A modern Approach (Grace pub);9 000
SIL;Ecriture : Graphisme Sil (AFRICA Education);1 200
SIL;Lecture : Syllabaire SIL Et CP (AFRICA EDUCATION);1 500
SIL;"Français : CHAMPIONS EN FRANÇAIS SIL
(HACHETTE\CLE)";1 500
SIL;"Français : LIVRET D’ACTIVITE DE FRANÇAIS, SIL
(HACHETTE/CLE)";1 300
SIL;Anglais: INCLUSIVE ENGLISH SIL (GLOBAL INDUSTRIES);1 800
SIL;"Anglais : LIVRET D’ACTIVITE D’ANGLAIS ((GLOBAL
INDUSTRIES)";1 000
SIL;Mathématiques : A VOS MATHS ! SIL (Nathan);1 500
SIL;Mathématique : LIVRET D’ACTIVITES DE MATHEMATIQUE SIL(NATHAN);1 000
SIL;"TIC (SIL/CP) : LES BRILLANTS EN TIC. SIL ET CP
(NMI EDUCATION)";1 500
SIL;Science et Technologie : MAJORS EN SCIENCE ET TECHNOLOGIE SIL (ASVA EDUCATION);1 500
SIL;EDUCATION A LA CITOYENNETE (SIL/CP) (NATHAN);1 500
CP;Ecriture : MON CAHIER DE GRAPHISME (COSMOS);1 200
CP;Lecture : Syllabaire SIL Et CP (AFRICA EDUCATION);1 500
CP;"Français : Champions en Français CP
(Hachette/CLE)";1 500
CP;"Français : LIVRET D’ACTIVITE DE FRANÇAIS CP,
CP(HACHETTE/CLE)";1 300
CP;"Anglais : LES BRILLIANTS EN ENGLAIS CP (NMI
EDUCATION)";1 800
CP;"Anglais : Livret d’activités d’Anglais CP (NMI
EDUCATION)";1 200
CP;Mathématiques : A VOS MATHS ! (NATHAN);1 500
CP;Mathématiques : LIVRET D’ACTIVITES DE MATHEMATIQUES CP (NATHAN);1 250
CP;"Science et Technologie : MAJORS EN SCIENCE
(ASVA)";1 500
CP;EDUCATION A LA CITOYENNETE (SIL/CP) (NATHAN);1 500
CP;TIC : LES BRILLANTS (SIL-CP) (NMI EDUCATION);1 500
CE I;Lecture : SYLLABAIRE CE1 ET CE2 (BELLES LETTRES);1 500
CE I;Français : FRANÇAIS CE1 (NATHAN);1 800
CE I;Français : LIVRET D’ACTIVITE DE FRANÇAIS CE1 (NATHAN);1 150
CE I;"Littérature : COMMENT ÇA VA BENJAMIN ? (AFRICA
EDUCATION)";1 000
CE I;Anglais : ANGLAIS CE1 (COSMOS);1 800
CE I;Anglais : LIVRET D’ACTIVITES D’ANGLAIS (COSMOS);1 100
CE I;"Mathématiques : MATHEMATIQUES CE1 (AFRICA
EDUCATION)";1 800
CE I;Mathématiques : LIVRET D’ACTIVITE DE MATHEMATIQUES CE1(AFRICA EDUCATION);1 150
CE I;"Science et Technologie : SCIENCE ET TECHNOLOGIE
CE1 (ASVA)";1 600
CE I;"Sciences Humaines et Sociales : HISTOIRE,
GEOGRAPHIE ET EDUCATION A LA CITOYENNETE CE1 (EDICEF)";1 800
CE I;TIC : INFORMATIQUE (CE1-CE2) (COSMOS);1 600
CE II;Lecture : Syllabaire CE1et CE2 (BELLES LETTRES);1 500
CE II;"Français : LES CHAMPIONS EN FRANÇAIS CE2
(EDICEF/CLE)";1 800
CE II;"Français : LIVRET D’ACTIVITE DE FRANÇAIS
(EDICEF/CLE)";1 300
CE II;Littérature : MON PROJET DE VIE (NMI EDUCATION);1 000
CE II;Anglais : LES BRILLANTS EN ANGLAIS (NMI Education);1 800
CE II;"Anglais : LIVRET D’ACTIVITES D’ANGLAIS CE2(NMI
EDUCATION)";1 150
CE II;Mathématiques : MATHEMATIQUES CE2 (NATHAN);1 800
CE II;Mathématiques : LIVRET D’ACTIVITE DE MATHEMATIQUES CE2(NATHAN);1 150
CE II;"Science et Technologie : SCIENCE ET TECHNOLOGIE
CE2 (COSMOS)";1 600
CE II;"Sciences Humaines et Sociales : HISTOIRE,
GEOGRAPHIE ET EDUCATION A LA CITOYENNETE CE2 (EDICEF)";1 800
CE II;TIC : INFORMATIQUE CE1 ET CE2 (COSMOS);1 600
CM I;"Français : CHAMPIONS EN FRANÇAIS CM1
EDICEF/CLE";1 900
CM I;"Français : LIVRET D’ACTIVITE DE FRANÇAIS
(EDICEF/CLE)";1 300
CM I;Littérature : LA NAISSANCE D’UNE GRANDE NATION LITTERATURE CM1(ECLOSION);1 000
CM I;Anglais : ENGLISH CM1(ASVA);1 900
CM I;Anglais : LIVRET D’ACTIVITES D’ANGLAIS CM1(NATHAN);1 150
CM I;Mathématiques : MATHEMATIQUES CM1(NATHAN);1 900
CM I;Mathématiques : Livret d’activité de Mathématiques CM1(Nathan);1 000
CM I;Science et Technologie : SCIENCES ET TECHNOLOGIES CM1(NMI EDUCATION);1 800
CM I;Sciences Humaines et Sociales : SCIENCES HUMAINES ET SOCIALES(EDICEF);1 850
CM I;TIC: TIC CM1 et CM2 (MONDOUX);1 800
CM II;Français : CHAMPIONS EN FRANÇAIS CM2 (EDICEF/CLE);1 900
CM II;"Français : LIVRET D’ACTIVITE DE FRANÇAIS CM1
(EDICEF/CLE)";1 300
CM II;Littérature : UNE NATION BENIE (ECLOSION);1 000
CM II;Anglais : ANGLAIS CM2 (COSMOS);1 900
CM II;"Anglais : LIVRET D’ACTIVITES D’ANGLAIS CM2
(COSMOS)";1 200
CM II;"Mathématiques : MATHEMATIQUES CM2 (AFRICA
EDUCATION)";1 900
CM II;Mathématiques : LIVRET D’ACTIVITE DE MATHEMATIQUES CM2 (AFRICA EDUCATION);1 250
CM II;"Science et Technologie : SCIENCE ET TECHNOLOGIE
(COSMOS)";1 800
CM II;TIC: TIC CM1-CM2 (Mondoux);1 800
CM II;Sciences Humaines et Sociales : SCIENCES HUMAINES ET SOCIALES (EDICEF);1 850
Nursery One;"Language: LANGUAGE ACTIVITY BOOK NURSERY 1
(ATEMEC)";1 000
Nursery One;Drawing and Coloring: INNOVATIVE DRAWING AND COLOURING (DESTINY PRINTS);1 000
Nursery One;"Mathematics: ELEMENTARY MATHEMATICS ACTIVITY
BOOK 1 (DOVE)";1 000
Nursery Two;"Language: LANGUAGE ACTIVITY BOOK NURSERY 2
(ATEMEC)";1 000
Nursery Two;Drawing and Coloring: ANUCAM DRAWING AND COLOURING, NURSERY 2 (ANUCAM);1 000
Nursery Two;"Mathematics : ELEMENTARY MATHEMATICS ACTIVITY
BOOK 2 (DOVE)";1 000
CLASS I;"Handwriting : HANDWRITING WORKBOOK CLASS 1
(ATEMEC)";1 500
CLASS I;English: WINNERS IN ENGLISH (NMI Education);1 800
CLASS I;"WORKBOOK OF ENGLISH CLASSES 1(NMI
EDUCATION)";1 000
CLASS I;"SOUNDS AND WORD BUILDING CLASSES 1AND
2(ATEMEC)";1 500
CLASS I;"French : PARLONS FRANÇAIS. LIVRE DE L’ELEVE 1
(COSMOS)";1 800
CLASS I;French: WORKBOOK OF FRENCH CLAS 1(COSMOS);1 100
CLASS I;"Mathematics : INNOVATIVE MATHEMATICS (DESTINY
PRINT)";1 800
CLASS I;"Mathematics : Workbook Mathematics of Class
(DESTINY Prints)";1 000
CLASS I;Science and Technology: STANDARD SCIENCE AND TECHNOLOGY (BECHACAM);1 500
CLASS I;Social Studies : THE GOOD CITIZEN. PUPIL’S BOOK CLASSES 1 AND 2 (COSMOS);1 500
CLASS I;"ICT : WINNERS IN ICT CLASSES 1 AND 2 (NMI
EDUCATION)";1 500
CLASS II;"Handwriting : EMERGENCE IN HANDWRITTING
(MONDOUX)";1 500
CLASS II;"SOUNDS AND WORD BUILDING CLASSES 1AND 2
(ATEMEC)";1 500
CLASS II;English: WINNERS CLASS 2 (NMI EDUCATION);1 800
CLASS II;"WORKBOOK OF ENGLISH CLASSES 2 (NMI
EDUCATION)";1 100
CLASS II;French : J’apprends le Français 2 (ANUCAM);1 800
CLASS II;"French : WORKBOOK OF FRENCH CLASS 2
(COSMOS)";1 100
CLASS II;"Mathematics : WINNERS IN MATHEMATICS (NMI
EDUCATION)";1 800
CLASS II;"WORKBOOK OF MATHEMATIQUES CLASS 2 (NMI
EDUCATION)";1 150
CLASS II;Science and Technology: STANDARD SCIENCE AND TECHNOLOGY (BECHACAM);1 500
CLASS II;"Social Studies : The Good Citizen Pupil’s Book
(Classes I and II)(Cosmos)";1 500
CLASS II;ICT: Winners CLASSES 1 AND 2 (NMI Education);1 500
CLASS III;"English Language : WINNERS IN ENGLISH Class 3
(NMI Education)";1 800
CLASS III;WORKBOOK OF ENGLISH CLASS 3 (NMI);1 150
CLASS III;"SOUND AND WORD BUILDIND CLASSES 3 AND 4
(ATEMEC)";1 500
CLASS III;"Literature : How are You Benjamin ? (Africa
Education)";1 000
CLASS III;"French Language : FRENCH CLASS 3(AFRICA
EDUCATION)";1 700
CLASS III;"WORKBOOK OF FRENCH CLASS 3 (AFRICA
EDUCATION)";1 150
CLASS III;Mathematics : MATHEMATICS CLASS 3 (ATEMEC);1 800
CLASS III;"Mathematics : WORKBOOK OF MATHEMATICS
CLASS 3(ATEMEC)";1 150
CLASS III;Science and Technology: SCIENCE AND TECHNOLOGY CLASS 3 (ATEMEC);1 600
CLASS III;"Social Studies : SOCIAL STUDIES CLASS 3 (GLOBAL
INDUSTRIES)";1 800
CLASS III;ICT: ICT Class 3 and Class 4 (ATEMEC);1 600
CLASS IV;"English Language : WINNERS IN ENGLISH Class 4
(NMI Education)";1 800
CLASS IV;WORKBOOK OF ENGLISH CLASS 4 (NMI);1 150
CLASS IV;"SOUND AND WORD BUILDIND CLASSES 3 AND 4
(ATEMEC)";1 500
CLASS IV;"Literature : BENJAMIN IS NOT A LITTLE BOY ! (Africa
Education)";1 000
CLASS IV;"French Language : FRENCH CLASS 4 (AFRICA
EDUCATION)";1 700
CLASS IV;"WORKBOOK OF FRENCH CLASS 4 (AFRICA
EDUCATION)";1150
CLASS IV;"Mathematics : INNOVATIVE MATHEMATICS CLASS 4
(DESTINY PRINT)";1 800
CLASS IV;"Mathematics : WORKBOOK OF MATHEMATICS
CLASS 4 (DESTINY PRINT)";1 100
CLASS IV;Science and Technology: SCIENCE AND TECHNOLOGY CLASS 4 (METROPOLITAIN);1 600
CLASS IV;"Social Studies : WINNER IN SOCIAL STUDIES CLASS 4
(NMI EDUCATION)";1 850
CLASS IV;ICT: ICT Class 3 and Class 4 (ATEMEC);1 600
CLASS V;English Language: ENGLISH CLASS 5 (LONGHORN);1 900
CLASS V;WORKBOOK OF ENGLISH CLASS 5 (LONGHORN);1 150
CLASS V;"Literature : STORIES AND WONDERS (NMI
EDUCATION)";1 000
CLASS V;French: FRENCH CLASS 5(AFRICA EDUCATION);1 900
CLASS V;"WORKBOOK OF FRENCH CLASS 5(AFRICA
EDUCATION)";1 150
CLASS V;Mathematics : MATHEMATICS CLASS 5(BECHACAM);1 900
CLASS V;Mathematics: WORKBOOK OF MATHEMATICS CLASS 5(BECHACAM);1 100
CLASS V;Science and Technology:  WINNERS IN SCIENCE AND TECHNOLOGY CLASS 5 (NMI EDUCATION);1 800
CLASS V;ICT : INFORMATION AND COMMUNICATION TECHNOLOGY (BECHACAM);1 800
CLASS V;SOCIAL STUDIES: WINNERS IN SOCIAL STUDIES CLASS 5 (NMI EDUCATION);1 800
CLASS VI;English Language: ENGLISH CLASS 6 (BECHACAM);1 900
CLASS VI;WORKBOOK OF ENGLISH CLASS 6 (BECHACAM);1 200
CLASS VI;Literature : WAKE UP ! (COSMOS);1 000
CLASS VI;"French Language: FRENCH CLASS 6(AFRICA
EDUCATION)";1 900
CLASS VI;"WORKBOOK OF FRENCH CLASS 6 (AFRICA
EDUCATION)";1 250
CLASS VI;Mathematics : MATHEMATICS CLASS 6(BECHACAM);1 900
CLASS VI;"Mathematics: WORKBOOK OF MATHEMATICS CLASS
6 (BECHACAM)";1150
CLASS VI;Science and Technology: SCIENCE AND TECHNOLOGY CLASS 6 (LEGEND PUBLISHERS);1 800
CLASS VI;ICT: ICT CLASS 5 AND CLASS 6(BECHACAM);1 800
CLASS VI;"Social Studies: WINNERS IN SOCIAL STUDIES CLASS
6(NMI EDUCATION)";1 850